,id,ident,type,name,latitude_deg,longitude_deg,elevation_ft,continent,iso_country,iso_region,municipality,scheduled_service,icao_code,iata_code,gps_code,local_code,home_link,wikipedia_link,keywords
38513,3356,KABE,medium_airport,Lehigh Valley International Airport,40.651773,-75.442797,393.0,,US,US-PA,Allentown/Bethlehem,yes,KABE,ABE,KABE,ABE,https://flyabe.com,https://en.wikipedia.org/wiki/Lehigh_Valley_International_Airport,Allentown–Bethlehem–Easton International Airport
38514,3357,KABI,medium_airport,Abilene Regional Airport,32.4113006592,-99.6819000244,1791.0,,US,US-TX,Abilene,yes,KABI,ABI,KABI,ABI,,https://en.wikipedia.org/wiki/Abilene_Regional_Airport,
38515,16091,KABQ,large_airport,Albuquerque International Sunport,35.039976,-106.608925,5355.0,,US,US-NM,Albuquerque,yes,KABQ,ABQ,KABQ,ABQ,http://www.abqsunport.com/,https://en.wikipedia.org/wiki/Albuquerque_International_Sunport,
38516,3358,KABR,medium_airport,Aberdeen Regional Airport,45.449100494384766,-98.42179870605467,1302.0,,US,US-SD,Aberdeen,yes,KABR,ABR,KABR,ABR,,https://en.wikipedia.org/wiki/Aberdeen_Regional_Airport,
38517,3359,KABY,medium_airport,Southwest Georgia Regional Airport,31.532946,-84.196215,197.0,,US,US-GA,Albany,yes,KABY,ABY,KABY,ABY,,https://en.wikipedia.org/wiki/Southwest_Georgia_Regional_Airport,
38520,3360,KACK,medium_airport,Nantucket Memorial Airport,41.25310135,-70.06020355,47.0,,US,US-MA,Nantucket,yes,KACK,ACK,KACK,ACK,,https://en.wikipedia.org/wiki/Nantucket_Memorial_Airport,
38523,3361,KACT,medium_airport,Waco Regional Airport,31.611299514770508,-97.23049926757812,516.0,,US,US-TX,Waco,yes,KACT,ACT,KACT,ACT,,https://en.wikipedia.org/wiki/Waco_Regional_Airport,
38524,3362,KACV,medium_airport,California Redwood Coast-Humboldt County Airport,40.978101,-124.109,221.0,,US,US-CA,Arcata/Eureka,yes,KACV,ACV,KACV,ACV,https://flyacv.com,https://en.wikipedia.org/wiki/Arcata-Eureka_Airport,"Arcata Airport, Arcata–Eureka Airport"
38525,3363,KACY,medium_airport,Atlantic City International Airport,39.456201,-74.577511,75.0,,US,US-NJ,Atlantic City,yes,KACY,ACY,KACY,ACY,https://acairport.com,https://en.wikipedia.org/wiki/Atlantic_City_International_Airport,
38539,3365,KAEX,medium_airport,Alexandria International Airport,31.325828,-92.546702,89.0,,US,US-LA,Alexandria,yes,KAEX,AEX,KAEX,AEX,https://www.alexandria-louisiana.com/alexandria-international-airport.htm,https://en.wikipedia.org/wiki/Alexandria_International_Airport_(Louisiana),"England Air Park, England Air Force Base"
38551,3368,KAGS,medium_airport,Augusta Regional At Bush Field,33.3699,-81.9645,144.0,,US,US-GA,Augusta,yes,KAGS,AGS,KAGS,AGS,,https://en.wikipedia.org/wiki/Augusta_Regional_Airport,
38575,3371,KALB,large_airport,Albany International Airport,42.748299,-73.801697,285.0,,US,US-NY,Albany,yes,KALB,ALB,KALB,ALB,http://www.albanyairport.com/,https://en.wikipedia.org/wiki/Albany_International_Airport,
38579,3375,KALO,medium_airport,Waterloo Regional Airport,42.557098388671875,-92.40029907226562,873.0,,US,US-IA,Waterloo,yes,KALO,ALO,KALO,ALO,,https://en.wikipedia.org/wiki/Waterloo_Regional_Airport,
38583,3377,KAMA,medium_airport,Rick Husband Amarillo International Airport,35.217857,-101.706444,3607.0,,US,US-TX,Amarillo,yes,KAMA,AMA,KAMA,AMA,http://airport.amarillo.gov/,https://en.wikipedia.org/wiki/Rick_Husband_Amarillo_International_Airport,
38606,3382,KAPN,medium_airport,Alpena County Regional Airport,45.0780983,-83.56030273,690.0,,US,US-MI,Alpena,yes,KAPN,APN,KAPN,APN,,https://en.wikipedia.org/wiki/Alpena_County_Regional_Airport,
38624,19308,KASE,medium_airport,Aspen-Pitkin County Airport (Sardy Field),39.223202,-106.869003,7820.0,,US,US-CO,Aspen,yes,KASE,ASE,KASE,ASE,http://aspenairport.com/,https://en.wikipedia.org/wiki/Aspen%E2%80%93Pitkin_County_Airport,
38635,3384,KATL,large_airport,Hartsfield Jackson Atlanta International Airport,33.6367,-84.428101,1026.0,,US,US-GA,Atlanta,yes,KATL,ATL,KATL,ATL,https://www.atl.com,https://en.wikipedia.org/wiki/Hartsfield–Jackson_Atlanta_International_Airport,
38637,19320,KATW,medium_airport,Appleton International Airport,44.258515,-88.519,918.0,,US,US-WI,Appleton,yes,KATW,ATW,KATW,ATW,http://atwairport.com/,https://en.wikipedia.org/wiki/Outagamie_County_Regional_Airport,Outagamie County Regional Airport
38638,3385,KATY,medium_airport,Watertown Regional Airport,44.91400146,-97.15470123,1749.0,,US,US-SD,Watertown,yes,KATY,ATY,KATY,ATY,,https://en.wikipedia.org/wiki/Watertown_Regional_Airport,
38644,3386,KAUS,large_airport,Austin Bergstrom International Airport,30.197535,-97.662015,542.0,,US,US-TX,Austin,yes,KAUS,AUS,KAUS,AUS,http://www.ci.austin.tx.us/austinairport/,https://en.wikipedia.org/wiki/Austin-Bergstrom_International_Airport,"BSM, KBSM, Bergstrom AFB"
38648,3387,KAVL,medium_airport,Asheville Regional Airport,35.435488,-82.541853,2165.0,,US,US-NC,Asheville,yes,KAVL,AVL,KAVL,AVL,https://flyavl.com,https://en.wikipedia.org/wiki/Asheville_Regional_Airport,
38650,3388,KAVP,medium_airport,Wilkes-Barre/Scranton International Airport,41.337064,-75.724232,962.0,,US,US-PA,Wilkes-Barre/Scranton,yes,KAVP,AVP,KAVP,AVP,http://www.flyavp.com/,https://en.wikipedia.org/wiki/Wilkes-Barre/Scranton_International_Airport,
38667,3390,KAZO,medium_airport,Kalamazoo/Battle Creek International Airport,42.232105,-85.549637,874.0,,US,US-MI,Kalamazoo,yes,KAZO,AZO,KAZO,AZO,https://flyazo.com,https://en.wikipedia.org/wiki/Kalamazoo-Battle_Creek_International_Airport,
38691,3396,KBDL,large_airport,Bradley International Airport,41.938555,-72.688016,173.0,,US,US-CT,Hartford,yes,KBDL,BDL,KBDL,BDL,http://www.bradleyairport.com/,https://en.wikipedia.org/wiki/Bradley_International_Airport,"HFD, Hartford"
38704,3400,KBFF,medium_airport,Western Neb. Rgnl/William B. Heilig Airport,41.87400055,-103.5960007,3967.0,,US,US-NE,Scottsbluff,yes,KBFF,BFF,KBFF,BFF,,https://en.wikipedia.org/wiki/Western_Nebraska_Regional_Airport,William B. Heilig Field
38707,3402,KBFL,medium_airport,Meadows Field,35.433601,-119.056999,510.0,,US,US-CA,Bakersfield,yes,KBFL,BFL,KBFL,BFL,,https://en.wikipedia.org/wiki/Meadows_Field_Airport,
38713,3404,KBGM,medium_airport,Greater Binghamton/Edwin A Link field,42.20869827,-75.97979736,1636.0,,US,US-NY,Binghamton,yes,KBGM,BGM,KBGM,BGM,http://binghamtonairport.com/,https://en.wikipedia.org/wiki/Greater_Binghamton_Airport,"Broome County Airport, Edwin A Link Field"
38714,3405,KBGR,medium_airport,Bangor International Airport,44.806364,-68.826668,192.0,,US,US-ME,Bangor,yes,KBGR,BGR,KBGR,BGR,https://flybangor.com,https://en.wikipedia.org/wiki/Bangor_International_Airport,
38719,3406,KBHM,large_airport,Birmingham-Shuttlesworth International Airport,33.562877,-86.750712,650.0,,US,US-AL,Birmingham,yes,KBHM,BHM,KBHM,BHM,http://www.flybirmingham.com/,https://en.wikipedia.org/wiki/Birmingham_International_Airport_(US),
38723,19377,KBIH,medium_airport,Eastern Sierra Regional Airport,37.3731,-118.363998,4124.0,,US,US-CA,Bishop,yes,KBIH,BIH,KBIH,BIH,http://www.inyocounty.us/Airport/index.html,https://en.wikipedia.org/wiki/Eastern_Sierra_Regional_Airport,
38725,3408,KBIL,medium_airport,Billings Logan International Airport,45.808932,-108.541242,3652.0,,US,US-MT,Billings,yes,KBIL,BIL,KBIL,BIL,,https://en.wikipedia.org/wiki/Billings_Logan_International_Airport,
38726,3409,KBIS,medium_airport,Bismarck Municipal Airport,46.772734,-100.746874,1661.0,,US,US-ND,Bismarck,yes,KBIS,BIS,KBIS,BIS,https://bismarckairport.com/,https://en.wikipedia.org/wiki/Bismarck_Municipal_Airport,Burleigh County Airport
38730,19380,KBJI,medium_airport,Bemidji Regional Airport,47.50939941,-94.93370056,1391.0,,US,US-MN,Bemidji,no,KBJI,BJI,KBJI,BJI,http://www.bemidjiairport.org/,https://en.wikipedia.org/wiki/Bemidji_Regional_Airport,
38744,3416,KBLI,medium_airport,Bellingham International Airport,48.79280090332031,-122.53800201416016,170.0,,US,US-WA,Bellingham,yes,KBLI,BLI,KBLI,BLI,,https://en.wikipedia.org/wiki/Bellingham_International_Airport,
38747,3417,KBLV,medium_airport,Scott AFB/Midamerica Airport,38.5452,-89.835197,459.0,,US,US-IL,Belleville,yes,KBLV,BLV,KBLV,BLV,,https://en.wikipedia.org/wiki/Scott_Air_Force_Base,Scott Air Force Base
38750,3419,KBMI,medium_airport,Central Illinois Regional Airport at Bloomington-Normal,40.4771,-88.915901,871.0,,US,US-IL,Bloomington/Normal,yes,KBMI,BMI,KBMI,BMI,,https://en.wikipedia.org/wiki/Central_Illinois_Regional_Airport,
38754,3420,KBNA,large_airport,Nashville International Airport,36.1245,-86.6782,599.0,,US,US-TN,Nashville,yes,KBNA,BNA,KBNA,BNA,https://flynashville.com/,https://en.wikipedia.org/wiki/Nashville_International_Airport,
38759,3421,KBOI,large_airport,Boise Air Terminal/Gowen Field,43.5644,-116.223,2871.0,,US,US-ID,Boise,yes,KBOI,BOI,KBOI,BOI,http://www.cityofboise.org/departments/airport/,https://en.wikipedia.org/wiki/Boise_Airport,"Boise Air Terminal, Gowen Field"
38761,3422,KBOS,large_airport,Boston Logan International Airport,42.36197,-71.0079,20.0,,US,US-MA,Boston,yes,KBOS,BOS,KBOS,BOS,http://www.massport.com/logan/,https://en.wikipedia.org/wiki/Logan_International_Airport,General Edward Lawrence Logan International Airport
38766,3423,KBPT,medium_airport,Jack Brooks Regional Airport,29.9508,-94.020699,15.0,,US,US-TX,Beaumont/Port Arthur,yes,KBPT,BPT,KBPT,BPT,https://flysetx.com/,https://en.wikipedia.org/wiki/Jack_Brooks_Regional_Airport,Southeast Texas Regional
38767,3424,KBQK,medium_airport,Brunswick Golden Isles Airport,31.258801,-81.466499,26.0,,US,US-GA,Brunswick,yes,KBQK,BQK,KBQK,BQK,,https://en.wikipedia.org/wiki/Brunswick_Golden_Isles_Airport,Glynco Jetport
38770,19406,KBRD,medium_airport,Brainerd Lakes Regional Airport,46.402861,-94.129727,1232.0,,US,US-MN,Brainerd,yes,KBRD,BRD,KBRD,BRD,http://brainerdairport.com/,https://en.wikipedia.org/wiki/Brainerd_Lakes_Regional_Airport,Crow Wing County Airport
38772,3426,KBRO,medium_airport,Brownsville South Padre Island International Airport,25.907238,-97.425235,22.0,,US,US-TX,Brownsville,yes,KBRO,BRO,KBRO,BRO,https://flybrownsville.com,https://en.wikipedia.org/wiki/Brownsville/South_Padre_Island_International_Airport,
38779,3428,KBTM,medium_airport,Bert Mooney Airport,45.95479965209961,-112.49700164794922,5550.0,,US,US-MT,Butte,yes,KBTM,BTM,KBTM,BTM,,https://en.wikipedia.org/wiki/Bert_Mooney_Airport,
38782,3429,KBTR,medium_airport,Baton Rouge Metropolitan Airport,30.533199,-91.149597,70.0,,US,US-LA,Baton Rouge,yes,KBTR,BTR,KBTR,BTR,,https://en.wikipedia.org/wiki/Baton_Rouge_Metropolitan_Airport,
38783,3430,KBTV,medium_airport,Patrick Leahy Burlington International Airport,44.471901,-73.153297,335.0,,US,US-VT,Burlington,yes,KBTV,BTV,KBTV,BTV,http://www.vermontairports.com/btv.html,https://en.wikipedia.org/wiki/Burlington_International_Airport,
38786,3431,KBUF,large_airport,Buffalo Niagara International Airport,42.940498,-78.732201,728.0,,US,US-NY,Buffalo,yes,KBUF,BUF,KBUF,BUF,https://www.buffaloairport.com/,https://en.wikipedia.org/wiki/Buffalo_Niagara_International_Airport,
38788,3432,KBUR,large_airport,Hollywood Burbank/Bob Hope Airport,34.202834,-118.35805,778.0,,US,US-CA,Burbank,yes,KBUR,BUR,KBUR,BUR,https://www.hollywoodburbankairport.com/,https://en.wikipedia.org/wiki/Hollywood_Burbank_Airport,"United Airport, Union Air Terminal, Lockheed Air Terminal, Burbank–Glendale–Pasadena"
38800,3435,KBWI,large_airport,Baltimore/Washington International Thurgood Marshall Airport,39.1754,-76.668297,146.0,,US,US-MD,Baltimore,yes,KBWI,BWI,KBWI,BWI,https://www.bwiairport.com/,https://en.wikipedia.org/wiki/Baltimore/Washington_International_Airport,"WAS, Friendship International"
38812,3437,KBZN,medium_airport,Bozeman Yellowstone International Airport,45.778853,-111.153711,4473.0,,US,US-MT,Bozeman,yes,KBZN,BZN,KBZN,BZN,https://bozemanairport.com,https://en.wikipedia.org/wiki/Bozeman_Yellowstone_International_Airport,Gallatin Field
38845,3438,KCAE,medium_airport,Columbia Metropolitan Airport,33.938172,-81.123022,236.0,,US,US-SC,Columbia,yes,KCAE,CAE,KCAE,CAE,https://flycae.com,https://en.wikipedia.org/wiki/Columbia_Metropolitan_Airport,
38847,3439,KCAK,medium_airport,Akron Canton Regional Airport,40.91609954833984,-81.44219970703125,1228.0,,US,US-OH,Akron,yes,KCAK,CAK,KCAK,CAK,,https://en.wikipedia.org/wiki/Akron-Canton_Regional_Airport,
38863,3442,KCDC,medium_airport,Cedar City Regional Airport,37.70100021362305,-113.0989990234375,5622.0,,US,US-UT,Cedar City,yes,KCDC,CDC,KCDC,CDC,,https://en.wikipedia.org/wiki/Cedar_City_Regional_Airport,
38892,3448,KCHA,medium_airport,Chattanooga Metropolitan Airport (Lovell Field),35.035301,-85.203796,683.0,,US,US-TN,Chattanooga,yes,KCHA,CHA,KCHA,CHA,https://www.flycha.com/,https://en.wikipedia.org/wiki/Chattanooga_Metropolitan_Airport,
38896,3449,KCHO,medium_airport,Charlottesville Albemarle Airport,38.13859939575195,-78.4529037475586,639.0,,US,US-VA,Charlottesville,yes,KCHO,CHO,KCHO,CHO,,https://en.wikipedia.org/wiki/Charlottesville-Albemarle_Airport,
38898,3450,KCHS,large_airport,Charleston International Airport,32.896159,-80.038151,46.0,,US,US-SC,Charleston,yes,KCHS,CHS,KCHS,CHS,https://www.iflychs.com/,https://en.wikipedia.org/wiki/Charleston_International_Airport,Charleston Air Force Base
38902,3451,KCID,medium_airport,The Eastern Iowa Airport,41.884701,-91.7108,869.0,,US,US-IA,Cedar Rapids,yes,KCID,CID,KCID,CID,,https://en.wikipedia.org/wiki/The_Eastern_Iowa_Airport,Cedar Rapids Municipal
38906,3452,KCIU,medium_airport,Chippewa County International Airport,46.242038,-84.462082,800.0,,US,US-MI,Kincheloe,yes,KCIU,CIU,KCIU,CIU,,https://en.wikipedia.org/wiki/Chippewa_County_International_Airport,"Sault Sainte Marie, Sault Ste Marie"
38909,3453,KCKB,medium_airport,North Central West Virginia Airport,39.2966,-80.228104,1217.0,,US,US-WV,Bridgeport,yes,KCKB,CKB,KCKB,CKB,,https://en.wikipedia.org/wiki/Harrison/Marion_Regional_Airport,
38919,3454,KCLE,large_airport,Cleveland Hopkins International Airport,41.411701,-81.8498,791.0,,US,US-OH,Cleveland,yes,KCLE,CLE,KCLE,CLE,http://www.clevelandairport.com/,https://en.wikipedia.org/wiki/Cleveland_Hopkins_International_Airport,
38922,3455,KCLL,medium_airport,Easterwood Field,30.5886,-96.3638,320.0,,US,US-TX,College Station,yes,KCLL,CLL,KCLL,CLL,https://flyeasterwood.com/,https://en.wikipedia.org/wiki/Easterwood_Airport,
38926,3457,KCLT,large_airport,Charlotte Douglas International Airport,35.2140007019043,-80.94309997558594,748.0,,US,US-NC,Charlotte,yes,KCLT,CLT,KCLT,CLT,http://www.charlotteairport.com/,https://en.wikipedia.org/wiki/Charlotte/Douglas_International_Airport,
38930,3458,KCMH,large_airport,John Glenn Columbus International Airport,39.998001,-82.891899,815.0,,US,US-OH,Columbus,yes,KCMH,CMH,KCMH,CMH,https://flycolumbus.com/,https://en.wikipedia.org/wiki/John_Glenn_Columbus_International_Airport,
38931,3459,KCMI,medium_airport,University of Illinois Willard Airport,40.039819,-88.276249,755.0,,US,US-IL,Savoy,yes,KCMI,CMI,KCMI,CMI,,https://en.wikipedia.org/wiki/University_of_Illinois_Willard_Airport,"Champaign, Urbana"
38933,3460,KCMX,medium_airport,Houghton County Memorial Airport,47.168399810791016,-88.48909759521484,1095.0,,US,US-MI,Hancock,yes,KCMX,CMX,KCMX,CMX,,https://en.wikipedia.org/wiki/Houghton_County_Memorial_Airport,
38946,19530,KCOD,medium_airport,Yellowstone Regional Airport,44.520199,-109.024002,5102.0,,US,US-WY,Cody,yes,KCOD,COD,KCOD,COD,http://www.flyyra.com/,https://en.wikipedia.org/wiki/Yellowstone_Regional_Airport,
38953,3463,KCOS,large_airport,City of Colorado Springs Municipal Airport,38.805801,-104.700996,6187.0,,US,US-CO,Colorado Springs,yes,KCOS,COS,KCOS,COS,https://flycos.coloradosprings.gov/,https://en.wikipedia.org/wiki/Colorado_Springs_Airport,"Peterson SFB, Colorado Springs Airport"
38955,3464,KCOU,medium_airport,Columbia Regional Airport,38.8181,-92.219597,889.0,,US,US-MO,Columbia,yes,KCOU,COU,KCOU,COU,,https://en.wikipedia.org/wiki/Columbia_Regional_Airport,
38959,3465,KCPR,medium_airport,Casper-Natrona County International Airport,42.907381,-106.461609,5350.0,,US,US-WY,Casper,yes,KCPR,CPR,KCPR,CPR,,https://en.wikipedia.org/wiki/Natrona_County_International_Airport,
38972,3466,KCRP,medium_airport,Corpus Christi International Airport,27.770399,-97.501198,44.0,,US,US-TX,Corpus Christi,yes,KCRP,CRP,KCRP,CRP,,https://en.wikipedia.org/wiki/Corpus_Christi_International_Airport,
38973,19552,KCRQ,medium_airport,McClellan-Palomar Airport,33.1283,-117.279999,331.0,,US,US-CA,Carlsbad,yes,KCRQ,CLD,KCRQ,CRQ,,https://en.wikipedia.org/wiki/McClellan-Palomar_Airport,
38976,3467,KCRW,medium_airport,Yeager Airport,38.3731,-81.593201,981.0,,US,US-WV,Charleston,yes,KCRW,CRW,KCRW,CRW,,https://en.wikipedia.org/wiki/Yeager_Airport,
38994,3471,KCVG,large_airport,Cincinnati Northern Kentucky International Airport,39.048801,-84.667801,896.0,,US,US-KY,Cincinnati / Covington,yes,KCVG,CVG,KCVG,CVG,https://www.cvgairport.com/,https://en.wikipedia.org/wiki/Cincinnati/Northern_Kentucky_International_Airport,
39001,19571,KCWA,medium_airport,Central Wisconsin Airport,44.777448,-89.670238,1277.0,,US,US-WI,Mosinee,yes,KCWA,CWA,KCWA,CWA,,https://en.wikipedia.org/wiki/Central_Wisconsin_Airport,
39014,3476,KCYS,medium_airport,Cheyenne Regional Jerry Olson Field,41.155701,-104.811997,6159.0,,US,US-WY,Cheyenne,yes,KCYS,CYS,KCYS,CYS,,https://en.wikipedia.org/wiki/Cheyenne_Regional_Airport,
39050,3478,KDAB,medium_airport,Daytona Beach International Airport,29.18255,-81.059464,34.0,,US,US-FL,Daytona Beach,yes,KDAB,DAB,KDAB,DAB,,https://en.wikipedia.org/wiki/Daytona_Beach_International_Airport,
39053,3479,KDAL,large_airport,Dallas Love Field,32.844776,-96.847653,487.0,,US,US-TX,Dallas,yes,KDAL,DAL,KDAL,DAL,http://www.dallas-lovefield.com/,https://en.wikipedia.org/wiki/Dallas_Love_Field,QDF
39056,3481,KDAY,medium_airport,James M. Cox Dayton International Airport,39.902401,-84.219398,1009.0,,US,US-OH,Dayton,yes,KDAY,DAY,KDAY,DAY,https://flydayton.com,https://en.wikipedia.org/wiki/Dayton_International_Airport,
39059,3483,KDCA,large_airport,Ronald Reagan Washington National Airport,38.8521,-77.037697,15.0,,US,US-DC,Washington,yes,KDCA,DCA,KDCA,DCA,http://www.flyreagan.com/dca/reagan-national-airport,https://en.wikipedia.org/wiki/Ronald_Reagan_Washington_National_Airport,WAS
39063,3484,KDDC,medium_airport,Dodge City Regional Airport,37.76340103149414,-99.9655990600586,2594.0,,US,US-KS,Dodge City,yes,KDDC,DDC,KDDC,DDC,,https://en.wikipedia.org/wiki/Dodge_City_Regional_Airport,
39065,3485,KDEC,medium_airport,Decatur Airport,39.834598541259766,-88.8656997680664,682.0,,US,US-IL,Decatur,yes,KDEC,DEC,KDEC,DEC,,https://en.wikipedia.org/wiki/Decatur_Airport,
39068,3486,KDEN,large_airport,Denver International Airport,39.860027,-104.673792,5431.0,,US,US-CO,Denver,yes,KDEN,DEN,KDEN,DEN,http://www.flydenver.com/,https://en.wikipedia.org/wiki/Denver_International_Airport,"DVX, KVDX"
39073,3488,KDFW,large_airport,Dallas Fort Worth International Airport,32.896801,-97.038002,607.0,,US,US-TX,Dallas-Fort Worth,yes,KDFW,DFW,KDFW,DFW,https://www.dfwairport.com/,https://en.wikipedia.org/wiki/Dallas/Fort_Worth_International_Airport,QDF
39076,3489,KDHN,medium_airport,Dothan Regional Airport,31.321300506591797,-85.44960021972656,401.0,,US,US-AL,Dothan,yes,KDHN,DHN,KDHN,DHN,,https://en.wikipedia.org/wiki/Dothan_Regional_Airport,
39079,19630,KDIK,medium_airport,Dickinson Theodore Roosevelt Regional Airport,46.797533,-102.801905,2592.0,,US,US-ND,Dickinson,yes,KDIK,DIK,KDIK,DIK,http://dickinsonairport.com/,https://en.wikipedia.org/wiki/Dickinson_Theodore_Roosevelt_Regional_Airport,
39086,3491,KDLH,medium_airport,Duluth International Airport,46.841873,-92.198746,1428.0,,US,US-MN,Duluth,yes,KDLH,DLH,KDLH,DLH,http://www.duluthairport.com/,https://en.wikipedia.org/wiki/Duluth_International_Airport,"LKI, Duluth Air National Guard Base, Lakeside AFB"
39108,19654,KDRO,medium_airport,Durango La Plata County Airport,37.151501,-107.753998,6685.0,,US,US-CO,Durango,yes,KDRO,DRO,KDRO,DRO,http://www.durangogov.org/airport/index.cfm,https://en.wikipedia.org/wiki/Durango-La_Plata_County_Airport,
39112,3496,KDSM,large_airport,Des Moines International Airport,41.534027,-93.656719,958.0,,US,US-IA,Des Moines,yes,KDSM,DSM,KDSM,DSM,,https://en.wikipedia.org/wiki/Des_Moines_International_Airport,
39119,3497,KDTW,large_airport,Detroit Metropolitan Wayne County Airport,42.21377,-83.353786,645.0,,US,US-MI,Detroit,yes,KDTW,DTW,KDTW,DTW,http://www.metroairport.com/,https://en.wikipedia.org/wiki/Detroit_Metropolitan_Airport,"DTT, Detroit Metro Airport"
39127,19668,KDVL,medium_airport,Devils Lake Regional Airport,48.115454,-98.908796,1456.0,,US,US-ND,Devils Lake,yes,KDVL,DVL,KDVL,DVL,http://www.devilslakeairport.com/,https://en.wikipedia.org/wiki/Devils_Lake_Regional_Airport,
39499,19716,KEAR,medium_airport,Kearney Regional Airport,40.727001,-99.006798,2131.0,,US,US-NE,Kearney,yes,KEAR,EAR,KEAR,EAR,,https://en.wikipedia.org/wiki/Kearney_Municipal_Airport,
39501,3501,KEAU,medium_airport,Chippewa Valley Regional Airport,44.86579895019531,-91.48429870605467,913.0,,US,US-WI,Eau Claire,yes,KEAU,EAU,KEAU,EAU,,https://en.wikipedia.org/wiki/Chippewa_Valley_Regional_Airport,
39508,46530,KECP,medium_airport,Northwest Florida Beaches International Airport,30.357106,-85.795414,69.0,,US,US-FL,Panama City Beach,yes,KECP,ECP,KECP,ECP,http://iflybeaches.com,https://en.wikipedia.org/wiki/Northwest_Florida_Beaches_International_Airport,Northwest Florida Beaches International Airport
39528,3505,KEGE,medium_airport,Eagle County Regional Airport,39.64260101,-106.9179993,6548.0,,US,US-CO,Eagle,yes,KEGE,EGE,KEGE,EGE,http://www.eaglecounty.us/airport/,https://en.wikipedia.org/wiki/Eagle_County_Regional_Airport,
39542,3508,KEKO,medium_airport,Elko Regional Airport,40.82490158081055,-115.79199981689452,5140.0,,US,US-NV,Elko,yes,KEKO,EKO,KEKO,EKO,,https://en.wikipedia.org/wiki/Elko_Regional_Airport,
39550,3510,KELM,medium_airport,Elmira Corning Regional Airport,42.1599006652832,-76.8916015625,954.0,,US,US-NY,Elmira/Corning,yes,KELM,ELM,KELM,ELM,,https://en.wikipedia.org/wiki/Elmira-Corning_Regional_Airport,
39553,3512,KELP,large_airport,El Paso International Airport,31.809908,-106.375607,3959.0,,US,US-TX,El Paso,yes,KELP,ELP,KELP,ELP,https://elpasointernationalairport.com/,https://en.wikipedia.org/wiki/El_Paso_International_Airport,
39572,3515,KERI,medium_airport,Erie International Tom Ridge Field,42.083127,-80.173867,732.0,,US,US-PA,Erie,yes,KERI,ERI,KERI,ERI,,https://en.wikipedia.org/wiki/Erie_International_Airport,
39576,19770,KESC,medium_airport,Delta County Airport,45.723199,-87.088623,609.0,,US,US-MI,Escanaba,yes,KESC,ESC,KESC,ESC,,https://en.wikipedia.org/wiki/Delta_County_Airport,
39586,3517,KEUG,medium_airport,Eugene Airport,44.124599,-123.211998,374.0,,US,US-OR,Eugene,yes,KEUG,EUG,KEUG,EUG,https://flyeug.com,https://en.wikipedia.org/wiki/Eugene_Airport,Mahlon Sweet Field
39591,3518,KEVV,medium_airport,Evansville Regional Airport,38.0369987488,-87.5324020386,418.0,,US,US-IN,Evansville,yes,KEVV,EVV,KEVV,EVV,,https://en.wikipedia.org/wiki/Evansville_Regional_Airport,
39596,3520,KEWN,medium_airport,Coastal Carolina Regional Airport,35.0730018616,-77.04290008539999,18.0,,US,US-NC,New Bern,yes,KEWN,EWN,KEWN,EWN,,https://en.wikipedia.org/wiki/Craven_County_Regional_Airport,
39597,3521,KEWR,large_airport,Newark Liberty International Airport,40.6894,-74.170545,18.0,,US,US-NJ,Newark,yes,KEWR,EWR,KEWR,EWR,https://www.panynj.gov/CommutingTravel/airports/html/newarkliberty.html,https://en.wikipedia.org/wiki/Newark_Liberty_International_Airport,"Manhattan, New York City, NYC"
39601,3522,KEYW,medium_airport,Key West International Airport,24.556119,-81.759579,3.0,,US,US-FL,Key West,yes,KEYW,EYW,KEYW,EYW,,https://en.wikipedia.org/wiki/Key_West_International_Airport,
39655,3523,KFAR,medium_airport,Hector International Airport,46.9207,-96.815804,902.0,,US,US-ND,Fargo,yes,KFAR,FAR,KFAR,FAR,http://www.fargoairport.com/,https://en.wikipedia.org/wiki/Hector_International_Airport,"119th Wing, Happy Hooligans"
39656,3524,KFAT,large_airport,Fresno Yosemite International Airport,36.775767,-119.718018,336.0,,US,US-CA,Fresno,yes,KFAT,FAT,KFAT,FAT,https://flyfresno.com/,https://en.wikipedia.org/wiki/Fresno_Yosemite_International_Airport,
39657,3525,KFAY,medium_airport,Fayetteville Regional Airport - Grannis Field,34.991199,-78.880302,189.0,,US,US-NC,Fayetteville,yes,KFAY,FAY,KFAY,FAY,,https://en.wikipedia.org/wiki/Fayetteville_Regional_Airport,
39694,3530,KFLG,medium_airport,Flagstaff Pulliam Airport,35.139757,-111.669826,7014.0,,US,US-AZ,Flagstaff,yes,KFLG,FLG,KFLG,FLG,,https://en.wikipedia.org/wiki/Flagstaff_Pulliam_Airport,
39695,3531,KFLL,large_airport,Fort Lauderdale Hollywood International Airport,26.072599,-80.152702,9.0,,US,US-FL,Fort Lauderdale,yes,KFLL,FLL,KFLL,FLL,http://www.broward.org/airport,https://en.wikipedia.org/wiki/Fort_Lauderdale–Hollywood_International_Airport,"MFW, South Florida"
39704,19881,KFMN,medium_airport,Four Corners Regional Airport,36.741199,-108.230003,5506.0,,US,US-NM,Farmington,no,KFMN,FMN,KFMN,FMN,,https://en.wikipedia.org/wiki/Four_Corners_Regional_Airport,
39709,3535,KFNT,medium_airport,Bishop International Airport,42.969294,-83.743355,782.0,,US,US-MI,Flint,yes,KFNT,FNT,KFNT,FNT,https://bishopairport.org,https://en.wikipedia.org/wiki/Bishop_International_Airport,
39711,3536,KFOD,medium_airport,Fort Dodge Regional Airport,42.552624,-94.191237,1156.0,,US,US-IA,Fort Dodge,yes,KFOD,FOD,KFOD,FOD,,https://en.wikipedia.org/wiki/Fort_Dodge_Regional_Airport,
39725,3541,KFSD,medium_airport,Sioux Falls Regional Airport,43.585463,-96.741152,1429.0,,US,US-SD,Sioux Falls,yes,KFSD,FSD,KFSD,FSD,http://www.sfairport.com/,https://en.wikipedia.org/wiki/Sioux_Falls_Regional_Airport,"Joe Foss Field, Fighting Lobos, Sioux Falls Army Air Base, 114th Fighter Wing, Sioux Falls Regional Airport"
39729,3543,KFSM,medium_airport,Fort Smith Regional Airport,35.336601,-94.367401,469.0,,US,US-AR,Fort Smith,yes,KFSM,FSM,KFSM,FSM,,https://en.wikipedia.org/wiki/Fort_Smith_Regional_Airport,
39742,3547,KFWA,medium_airport,Fort Wayne International Airport,40.978896,-85.194465,814.0,,US,US-IN,Fort Wayne,yes,KFWA,FWA,KFWA,FWA,https://fwairport.com/,https://en.wikipedia.org/wiki/Fort_Wayne_International_Airport,Baer Field
39819,19929,KGCC,medium_airport,Northeast Wyoming Regional Airport,44.3489,-105.539001,4365.0,,US,US-WY,Gillette,yes,KGCC,GCC,KGCC,GCC,http://www.iflygillette.com/,https://en.wikipedia.org/wiki/Gillette%E2%80%93Campbell_County_Airport,Gillette Campbell County Airport
39821,3550,KGCK,medium_airport,Garden City Regional Airport,37.9275016785,-100.723999023,2891.0,,US,US-KS,Garden City,yes,KGCK,GCK,KGCK,GCK,,https://en.wikipedia.org/wiki/Garden_City_Regional_Airport,
39832,3552,KGEG,large_airport,Spokane International Airport,47.6199,-117.533997,2376.0,,US,US-WA,Spokane,yes,KGEG,GEG,KGEG,GEG,https://spokaneairports.net/,https://en.wikipedia.org/wiki/Spokane_International_Airport,
39840,3553,KGFK,medium_airport,Grand Forks International Airport,47.949299,-97.176102,845.0,,US,US-ND,Grand Forks,yes,KGFK,GFK,KGFK,GFK,http://www.gfkairport.com/,https://en.wikipedia.org/wiki/Grand_Forks_International_Airport,
39845,3555,KGGG,medium_airport,East Texas Regional Airport,32.38399887084961,-94.71150207519533,365.0,,US,US-TX,Longview,yes,KGGG,GGG,KGGG,GGG,,https://en.wikipedia.org/wiki/East_Texas_Regional_Airport,
39854,3557,KGJT,medium_airport,Grand Junction Regional Airport,39.126663,-108.529387,4858.0,,US,US-CO,Grand Junction,yes,KGJT,GJT,KGJT,GJT,http://www.gjairport.com/,https://en.wikipedia.org/wiki/Grand_Junction_Regional_Airport,
39872,3559,KGNV,medium_airport,Gainesville Regional Airport,29.6900997162,-82.2717971802,152.0,,US,US-FL,Gainesville,yes,KGNV,GNV,KGNV,GNV,,https://en.wikipedia.org/wiki/Gainesville_Regional_Airport,
39879,3527,KGPI,medium_airport,Glacier Park International Airport,48.310501,-114.255997,2977.0,,US,US-MT,Kalispell,yes,KGPI,FCA,KGPI,GPI,http://www.iflyglacier.com/,https://en.wikipedia.org/wiki/Glacier_Park_International_Airport,Formerly KFCA
39881,3561,KGPT,medium_airport,Gulfport Biloxi International Airport,30.405582,-89.069836,28.0,,US,US-MS,Gulfport,yes,KGPT,GPT,KGPT,GPT,,https://en.wikipedia.org/wiki/Gulfport-Biloxi_International_Airport,
39884,3562,KGRB,medium_airport,Austin Straubel International Airport,44.483459,-88.130805,695.0,,US,US-WI,Green Bay,yes,KGRB,GRB,KGRB,GRB,,https://en.wikipedia.org/wiki/Austin_Straubel_International_Airport,
39888,3564,KGRI,medium_airport,Central Nebraska Regional Airport,40.967498779296875,-98.30960083007812,1847.0,,US,US-NE,Grand Island,yes,KGRI,GRI,KGRI,GRI,,https://en.wikipedia.org/wiki/Central_Nebraska_Regional_Airport,
39889,3565,KGRK,medium_airport,Killeen Regional Airport / Robert Gray Army Airfield,31.0672,-97.828903,1015.0,,US,US-TX,Fort Cavazos,yes,KGRK,GRK,KGRK,GRK,,https://en.wikipedia.org/wiki/Killeen_Regional_Airport,"Gray, Fort Hood, Robert Gray Army Airfield, Killeen/Fort Hood Regional"
39891,3566,KGRR,large_airport,Gerald R. Ford International Airport,42.880798,-85.522797,794.0,,US,US-MI,Grand Rapids,yes,KGRR,GRR,KGRR,GRR,,https://en.wikipedia.org/wiki/Gerald_R._Ford_International_Airport,
39894,3568,KGSO,large_airport,Piedmont Triad International Airport,36.09937,-79.937262,925.0,,US,US-NC,Greensboro,yes,KGSO,GSO,KGSO,GSO,https://flyfrompti.com,https://en.wikipedia.org/wiki/Piedmont_Triad_International_Airport,
39895,3569,KGSP,medium_airport,Greenville-Spartanburg International Airport,34.895699,-82.218903,964.0,,US,US-SC,Greenville/Greer/Spartanburg,yes,KGSP,GSP,KGSP,GSP,https://gspairport.com,https://en.wikipedia.org/wiki/Greenville-Spartanburg_International_Airport,Roger Milliken Field
39898,3571,KGTF,medium_airport,Great Falls International Airport,47.481998,-111.371002,3680.0,,US,US-MT,Great Falls,yes,KGTF,GTF,KGTF,GTF,,https://en.wikipedia.org/wiki/Great_Falls_International_Airport,
39900,19982,KGTR,medium_airport,Golden Triangle Regional Airport,33.450298,-88.5914,264.0,,US,US-MS,Columbus/W Point/Starkville,yes,KGTR,GTR,KGTR,GTR,,https://en.wikipedia.org/wiki/Golden_Triangle_Regional_Airport,
39902,19984,KGUC,medium_airport,Gunnison Crested Butte Regional Airport,38.534672,-106.934566,7680.0,,US,US-CO,Gunnison,yes,KGUC,GUC,KGUC,GUC,,https://en.wikipedia.org/wiki/Gunnison-Crested_Butte_Regional_Airport,
39971,20038,KHDN,medium_airport,Yampa Valley Airport,40.481201,-107.218002,6606.0,,US,US-CO,Hayden,yes,KHDN,HDN,KHDN,HDN,,https://en.wikipedia.org/wiki/Yampa_Valley_Airport,
39983,3577,KHGR,medium_airport,Hagerstown Regional Richard A Henson Field,39.708771,-77.728014,703.0,,US,US-MD,Hagerstown,yes,KHGR,HGR,KHGR,HGR,,https://en.wikipedia.org/wiki/Hagerstown_Regional_Airport,
39988,3579,KHIB,medium_airport,Range Regional Airport,47.384831,-92.836905,1354.0,,US,US-MN,Hibbing,yes,KHIB,HIB,KHIB,HIB,,https://en.wikipedia.org/wiki/Range_Regional_Airport,Chisholm Hibbing Airport
40002,3582,KHLN,medium_airport,Helena Regional Airport,46.6068,-111.983002,3877.0,,US,US-MT,Helena,yes,KHLN,HLN,KHLN,HLN,,https://en.wikipedia.org/wiki/Helena_Regional_Airport,
40013,20071,KHOB,medium_airport,Lea County Regional Airport,32.6875,-103.217003,3661.0,,US,US-NM,Hobbs,yes,KHOB,HOB,KHOB,HOB,,https://en.wikipedia.org/wiki/Lea_County_Regional_Airport,
40019,3588,KHOU,large_airport,William P. Hobby Airport,29.645336,-95.276812,46.0,,US,US-TX,Houston,yes,KHOU,HOU,KHOU,HOU,http://www.fly2houston.com/hobbyHome,https://en.wikipedia.org/wiki/William_P._Hobby_Airport,QHO
40020,3589,KHPN,medium_airport,Westchester County Airport,41.06700134277344,-73.70760345458984,439.0,,US,US-NY,White Plains,yes,KHPN,HPN,KHPN,HPN,,https://en.wikipedia.org/wiki/Westchester_County_Airport,"Manhattan, New York City, NYC"
40029,3591,KHRL,medium_airport,Valley International Airport,26.228500366210938,-97.65440368652344,36.0,,US,US-TX,Harlingen,yes,KHRL,HRL,KHRL,HRL,,https://en.wikipedia.org/wiki/Valley_International_Airport,
40043,3594,KHSV,medium_airport,Huntsville International Airport,34.636244,-86.774378,629.0,,US,US-AL,Huntsville,yes,KHSV,HSV,KHSV,HSV,http://www.flyhuntsville.com,https://en.wikipedia.org/wiki/Huntsville_International_Airport,Carl T. Jones Field
40047,3595,KHTS,medium_airport,Tri-State Airport / Milton J. Ferguson Field,38.366699,-82.557999,828.0,,US,US-WV,Huntington,yes,KHTS,HTS,KHTS,HTS,,https://en.wikipedia.org/wiki/Tri-State_Airport,
40064,20105,KHXD,medium_airport,Hilton Head Airport,32.2244,-80.697502,19.0,,US,US-SC,Hilton Head Island,yes,KHXD,HHH,KHXD,HXD,https://www.hiltonheadairport.com/,https://en.wikipedia.org/wiki/Hilton_Head_Airport,49J
40066,3600,KHYA,medium_airport,Cape Cod Gateway Airport,41.6693,-70.280403,54.0,,US,US-MA,Hyannis,yes,KHYA,HYA,KHYA,HYA,,https://en.wikipedia.org/wiki/Barnstable_Municipal_Airport,"Barnstable, Boardman Polando"
40069,20109,KHYS,medium_airport,Hays Regional Airport,38.844521,-99.273148,1999.0,,US,US-KS,Hays,yes,KHYS,HYS,KHYS,HYS,,https://en.wikipedia.org/wiki/Hays_Regional_Airport,
40112,3602,KIAD,large_airport,Washington Dulles International Airport,38.9445,-77.455803,312.0,,US,US-VA,Dulles,yes,KIAD,IAD,KIAD,IAD,http://www.mwaa.com/dulles/,https://en.wikipedia.org/wiki/Washington_Dulles_International_Airport,WAS
40113,3603,KIAG,medium_airport,Niagara Falls International Airport,43.1073,-78.946198,589.0,,US,US-NY,Niagara Falls,yes,KIAG,IAG,KIAG,IAG,https://www.niagarafallsairport.com/,https://en.wikipedia.org/wiki/Niagara_Falls_International_Airport,
40114,3604,KIAH,large_airport,George Bush Intercontinental Airport,29.9844,-95.3414,97.0,,US,US-TX,Houston,yes,KIAH,IAH,KIAH,IAH,http://www.fly2houston.com/iah,https://en.wikipedia.org/wiki/George_Bush_Intercontinental_Airport,QHO
40119,3605,KICT,medium_airport,Wichita Dwight D. Eisenhower National Airport,37.650314,-97.428583,1333.0,,US,US-KS,Wichita,yes,KICT,ICT,KICT,ICT,https://flywichita.com,https://en.wikipedia.org/wiki/Wichita_Dwight_D._Eisenhower_National_Airport,Mid-Continent Airport
40120,3606,KIDA,medium_airport,Idaho Falls Regional Airport,43.514599,-112.070999,4744.0,,US,US-ID,Idaho Falls,yes,KIDA,IDA,KIDA,IDA,,https://en.wikipedia.org/wiki/Idaho_Falls_Regional_Airport,Fanning Field
40141,3609,KILM,medium_airport,Wilmington International Airport,34.272345,-77.905117,32.0,,US,US-NC,Wilmington,yes,KILM,ILM,KILM,ILM,https://flyilm.com,https://en.wikipedia.org/wiki/Wilmington_International_Airport,
40146,20177,KIMT,medium_airport,Ford Airport,45.81911,-88.114557,1182.0,,US,US-MI,Kingsford,yes,KIMT,IMT,KIMT,IMT,http://www.fordairport.org/,https://en.wikipedia.org/wiki/Ford_Airport_(Iron_Mountain),Iron Mountain
40147,3610,KIND,large_airport,Indianapolis International Airport,39.7173,-86.294403,797.0,,US,US-IN,Indianapolis,yes,KIND,IND,KIND,IND,http://www.indianapolisairport.com/,https://en.wikipedia.org/wiki/Indianapolis_International_Airport,
40151,3612,KINL,medium_airport,Falls International Airport,48.566200256347656,-93.4030990600586,1185.0,,US,US-MN,International Falls,yes,KINL,INL,KINL,INL,,https://en.wikipedia.org/wiki/Falls_International_Airport,
40165,3616,KISP,medium_airport,Long Island MacArthur Airport,40.796324,-73.101703,99.0,,US,US-NY,Islip,yes,KISP,ISP,KISP,ISP,https://flymacarthur.com,https://en.wikipedia.org/wiki/Long_Island_MacArthur_Airport,Islip Airport
40168,20193,KITH,medium_airport,Ithaca Tompkins Regional Airport,42.49100112915039,-76.4583969116211,1099.0,,US,US-NY,Ithaca,yes,KITH,ITH,KITH,ITH,,https://en.wikipedia.org/wiki/Ithaca_Tompkins_Regional_Airport,
40170,3617,KIWA,medium_airport,Mesa Gateway Airport,33.3078,-111.654999,1382.0,,US,US-AZ,Mesa,yes,KIWA,AZA,KIWA,IWA,https://www.gatewayairport.com/,https://en.wikipedia.org/wiki/Phoenix%E2%80%93Mesa_Gateway_Airport,"Higley Field, CHD, Phoenix-Mesa Gateway Airport, Williams Air Force Base, Williams Gateway Airport"
40180,3618,KJAC,medium_airport,Jackson Hole Airport,43.6073,-110.737999,6451.0,,US,US-WY,Jackson,yes,KJAC,JAC,KJAC,JAC,http://jacksonholeairport.com/,https://en.wikipedia.org/wiki/Jackson_Hole_Airport,
40181,3619,KJAN,medium_airport,Jackson-Medgar Wiley Evers International Airport,32.311199,-90.075897,346.0,,US,US-MS,Jackson,yes,KJAN,JAN,KJAN,JAN,,https://en.wikipedia.org/wiki/Jackson-Evers_International_Airport,
40184,3620,KJAX,large_airport,Jacksonville International Airport,30.492469,-81.687813,30.0,,US,US-FL,Jacksonville,yes,KJAX,JAX,KJAX,JAX,https://www.flyjacksonville.com/,https://en.wikipedia.org/wiki/Jacksonville_International_Airport,
40192,3622,KJFK,large_airport,John F. Kennedy International Airport,40.639447,-73.779317,13.0,,US,US-NY,New York,yes,KJFK,JFK,KJFK,JFK,https://www.jfkairport.com/,https://en.wikipedia.org/wiki/John_F._Kennedy_International_Airport,"Manhattan, New York City, NYC, Idlewild, IDL, KIDL"
40197,20214,KJKA,small_airport,Jack Edwards National Airport,30.290501,-87.671799,17.0,,US,US-AL,Gulf Shores,no,KJKA,GUF,KJKA,JKA,https://www.flyjka.com/,https://en.wikipedia.org/wiki/Jack_Edwards_Airport,AL15
40200,3623,KJLN,medium_airport,Joplin Regional Airport,37.151798,-94.498299,981.0,,US,US-MO,Joplin,yes,KJLN,JLN,KJLN,JLN,,https://en.wikipedia.org/wiki/Joplin_Regional_Airport,
40202,3624,KJMS,medium_airport,Jamestown Regional Airport,46.92969894,-98.67819977,1500.0,,US,US-ND,Jamestown,yes,KJMS,JMS,KJMS,JMS,,https://en.wikipedia.org/wiki/Jamestown_Regional_Airport,
40205,20220,KJQF,medium_airport,Concord-Padgett Regional Airport,35.387798,-80.709099,705.0,,US,US-NC,Concord,yes,KJQF,USA,KJQF,JQF,http://www.concordnc.gov/Departments/Concord-Regional-Airport,https://en.wikipedia.org/wiki/Concord_Regional_Airport,"3N8, ""NASCAR's Airport"""
40208,3625,KJST,medium_airport,John Murtha Johnstown Cambria County Airport,40.31610107421875,-78.83390045166016,2284.0,,US,US-PA,Johnstown,yes,KJST,JST,KJST,JST,,https://en.wikipedia.org/wiki/Johnstown-Cambria_County_Airport,
40295,3627,KLAF,medium_airport,Purdue University Airport,40.412875,-86.939363,606.0,,US,US-IN,West Lafayette,yes,KLAF,LAF,KLAF,LAF,,https://en.wikipedia.org/wiki/Purdue_University_Airport,
40298,3629,KLAN,medium_airport,Capital Region International Airport,42.777582,-84.585721,861.0,,US,US-MI,Lansing,yes,KLAN,LAN,KLAN,LAN,https://flylansing.com,https://en.wikipedia.org/wiki/Lansing_Capital_City_Airport,"Lansing Capital City, Capital City"
40299,3630,KLAR,medium_airport,Laramie Regional Airport,41.31209945678711,-105.6750030517578,7284.0,,US,US-WY,Laramie,yes,KLAR,LAR,KLAR,LAR,,https://en.wikipedia.org/wiki/Laramie_Regional_Airport,
40300,3631,KLAS,large_airport,Harry Reid International Airport,36.083361,-115.151817,2181.0,,US,US-NV,Las Vegas,yes,KLAS,LAS,KLAS,LAS,https://www.harryreidairport.com/,https://en.wikipedia.org/wiki/Harry_Reid_International_Airport,McCarran International Airport
40301,20319,KLAW,medium_airport,Lawton Fort Sill Regional Airport,34.567699,-98.416603,1110.0,,US,US-OK,Lawton,yes,KLAW,LAW,KLAW,LAW,,https://en.wikipedia.org/wiki/Lawton-Fort_Sill_Regional_Airport,
40302,3632,KLAX,large_airport,Los Angeles International Airport,33.942501,-118.407997,125.0,,US,US-CA,Los Angeles,yes,KLAX,LAX,KLAX,LAX,https://www.flylax.com/,https://en.wikipedia.org/wiki/Los_Angeles_International_Airport,Tom Bradley
40303,3633,KLBB,medium_airport,Lubbock Preston Smith International Airport,33.663601,-101.822998,3282.0,,US,US-TX,Lubbock,yes,KLBB,LBB,KLBB,LBB,http://www.flylia.com/,https://en.wikipedia.org/wiki/Lubbock_Preston_Smith_International_Airport,
40304,3634,KLBE,medium_airport,Arnold Palmer Regional Airport,40.275902,-79.4048,1199.0,,US,US-PA,Latrobe,yes,KLBE,LBE,KLBE,LBE,,https://en.wikipedia.org/wiki/Arnold_Palmer_Regional_Airport,
40305,3635,KLBF,medium_airport,North Platte Regional Airport Lee Bird Field,41.12620163,-100.6839981,2777.0,,US,US-NE,North Platte,yes,KLBF,LBF,KLBF,LBF,,https://en.wikipedia.org/wiki/North_Platte_Regional_Airport,
40306,3636,KLBL,medium_airport,Liberal Mid-America Regional Airport,37.0442009,-100.9599991,2885.0,,US,US-KS,Liberal,yes,KLBL,LBL,KLBL,LBL,,https://en.wikipedia.org/wiki/Liberal_Municipal_Airport,
40312,3637,KLCH,medium_airport,Lake Charles Regional Airport,30.126100540161133,-93.22329711914062,15.0,,US,US-LA,Lake Charles,yes,KLCH,LCH,KLCH,LCH,,https://en.wikipedia.org/wiki/Lake_Charles_Regional_Airport,
40314,3638,KLCK,medium_airport,Rickenbacker International Airport,39.813801,-82.927803,744.0,,US,US-OH,Columbus,yes,KLCK,LCK,KLCK,LCK,https://flycolumbus.com/general-aviation/lck/,https://en.wikipedia.org/wiki/Rickenbacker_International_Airport,Lockbourne Army Air Field
40323,3640,KLEX,medium_airport,Blue Grass Airport,38.035066,-84.606738,979.0,,US,US-KY,Lexington,yes,KLEX,LEX,KLEX,LEX,http://www.bluegrassairport.com/,https://en.wikipedia.org/wiki/Blue_Grass_Airport,
40326,3642,KLFT,medium_airport,Lafayette Regional Airport,30.205299,-91.987602,42.0,,US,US-LA,Lafayette,yes,KLFT,LFT,KLFT,LFT,http://www.lftairport.com/Home,https://en.wikipedia.org/wiki/Lafayette_Regional_Airport,
40327,3643,KLGA,large_airport,LaGuardia Airport,40.777199,-73.872597,21.0,,US,US-NY,New York,yes,KLGA,LGA,KLGA,LGA,https://www.laguardiaairport.com/,https://en.wikipedia.org/wiki/LaGuardia_Airport,"Manhattan, New York City, NYC, Glenn H. Curtiss Airport, North Beach Airport, La Guardia"
40328,3644,KLGB,large_airport,Long Beach International Airport,33.816523,-118.149891,60.0,,US,US-CA,Long Beach,yes,KLGB,LGB,KLGB,LGB,http://www.lgb.org/,https://en.wikipedia.org/wiki/Long_Beach_Airport,Daugherty Field
40341,3645,KLIT,medium_airport,Bill & Hillary Clinton National Airport/Adams Field,34.729222,-92.223591,262.0,,US,US-AR,Little Rock,yes,KLIT,LIT,KLIT,LIT,https://clintonairport.com,https://en.wikipedia.org/wiki/Little_Rock_National_Airport,
40359,3647,KLNK,medium_airport,Lincoln Airport,40.844882,-96.76178,1219.0,,US,US-NE,Lincoln,yes,KLNK,LNK,KLNK,LNK,http://www.lincolnairport.com/,https://en.wikipedia.org/wiki/Lincoln_Airport_%28Nebraska%29,"Lincoln Army Air Field, Lincoln Air Force Base, 155th Air Refueling Wing, Lincoln Municpal"
40374,3651,KLRD,medium_airport,Laredo International Airport,27.5438,-99.461601,508.0,,US,US-TX,Laredo,yes,KLRD,LRD,KLRD,LRD,,https://en.wikipedia.org/wiki/Laredo_International_Airport,
40382,3654,KLSE,medium_airport,La Crosse Regional Airport,43.879002,-91.256699,655.0,,US,US-WI,La Crosse,yes,KLSE,LSE,KLSE,LSE,http://www.lseairport.com/,https://en.wikipedia.org/wiki/La_Crosse_Municipal_Airport,"airport, regional"
40403,20390,KLWB,medium_airport,Greenbrier Valley Airport,37.857914,-80.400438,2302.0,,US,US-WV,Lewisburg,yes,KLWB,LWB,KLWB,LWB,,https://en.wikipedia.org/wiki/Greenbrier_Valley_Airport,
40407,20393,KLWS,medium_airport,Lewiston Nez Perce County Airport,46.3745002746582,-117.01499938964844,1442.0,,US,US-ID,Lewiston,yes,KLWS,LWS,KLWS,LWS,,https://en.wikipedia.org/wiki/Lewiston-Nez_Perce_County_Airport,
40415,3662,KLYH,medium_airport,Lynchburg Regional Airport - Preston Glenn Field,37.326698,-79.200401,938.0,,US,US-VA,Lynchburg,yes,KLYH,LYH,KLYH,LYH,,https://en.wikipedia.org/wiki/Lynchburg_Regional_Airport,
40487,3663,KMAF,medium_airport,Midland International Air and Space Port,31.942499,-102.202003,2871.0,,US,US-TX,Midland,yes,KMAF,MAF,KMAF,MAF,https://flymaf.com,https://en.wikipedia.org/wiki/Midland_International_Airport,Midland International Airport
40496,3664,KMBS,medium_airport,MBS International Airport,43.533181,-84.083104,668.0,,US,US-MI,Freeland,yes,KMBS,MBS,KMBS,MBS,http://www.mbsairport.org/,https://en.wikipedia.org/wiki/MBS_International_Airport,"Tri City Airport, Midland, Bay City, Saginaw"
40504,3668,KMCI,large_airport,Kansas City International Airport,39.301699,-94.713893,1026.0,,US,US-MO,Kansas City,yes,KMCI,MCI,KMCI,MCI,http://www.flykci.com/,https://en.wikipedia.org/wiki/Kansas_City_International_Airport,
40507,3670,KMCO,large_airport,Orlando International Airport,28.429399490356445,-81.30899810791016,96.0,,US,US-FL,Orlando,yes,KMCO,MCO,KMCO,MCO,http://www.orlandoairports.net/,https://en.wikipedia.org/wiki/Orlando_International_Airport,"Disney World,Epcot Center"
40508,20482,KMCW,medium_airport,Mason City Municipal Airport,43.159801,-93.329716,1213.0,,US,US-IA,Mason City,yes,KMCW,MCW,KMCW,MCW,http://flymcw.com/,https://en.wikipedia.org/wiki/Mason_City_Municipal_Airport,
40517,3672,KMDT,medium_airport,Harrisburg International Airport,40.192838,-76.762333,310.0,,US,US-PA,Harrisburg,yes,KMDT,MDT,KMDT,MDT,http://www.flyhia.com/,https://en.wikipedia.org/wiki/Harrisburg_International_Airport,"Harrisburg, Lancaster, York, HIA, Middletown"
40518,3673,KMDW,large_airport,Chicago Midway International Airport,41.785999,-87.752403,620.0,,US,US-IL,Chicago,yes,KMDW,MDW,KMDW,MDW,https://www.flychicago.com/midway/home/pages/default.aspx,https://en.wikipedia.org/wiki/Midway_International_Airport,CHI
40521,3674,KMEI,medium_airport,Key Field / Meridian Regional Airport,32.3326,-88.7519,297.0,,US,US-MS,Meridian,yes,KMEI,MEI,KMEI,MEI,,https://en.wikipedia.org/wiki/Meridian_Regional_Airport,
40523,3675,KMEM,large_airport,Memphis International Airport,35.043845,-89.97634,341.0,,US,US-TN,Memphis,yes,KMEM,MEM,KMEM,MEM,https://flymemphis.com/,https://en.wikipedia.org/wiki/Memphis_International_Airport,
40529,3678,KMFE,medium_airport,McAllen Miller International Airport,26.176141,-98.237965,107.0,,US,US-TX,McAllen,yes,KMFE,MFE,KMFE,MFE,,https://en.wikipedia.org/wiki/McAllen-Miller_International_Airport,
40531,3679,KMFR,medium_airport,Rogue Valley International-Medford Airport,42.374199,-122.873001,1335.0,,US,US-OR,Medford,yes,KMFR,MFR,KMFR,MFR,https://flymfr.com,https://en.wikipedia.org/wiki/Rogue_Valley_International-Medford_Airport,
40537,3681,KMGM,medium_airport,Montgomery Regional (Dannelly Field) Airport,32.300598,-86.393997,221.0,,US,US-AL,Montgomery,yes,KMGM,MGM,KMGM,MGM,http://www.flymgm.com/,https://en.wikipedia.org/wiki/Montgomery_Regional_Airport,
40540,3682,KMGW,medium_airport,Morgantown Municipal Airport Walter L. (Bill) Hart Field,39.643305,-79.917598,1248.0,,US,US-WV,Morgantown,yes,KMGW,MGW,KMGW,MGW,,https://en.wikipedia.org/wiki/Morgantown_Municipal_Airport,
40543,3683,KMHK,medium_airport,Manhattan Regional Airport,39.14099884033203,-96.6707992553711,1057.0,,US,US-KS,Manhattan,yes,KMHK,MHK,KMHK,MHK,,https://en.wikipedia.org/wiki/Manhattan_Regional_Airport,
40547,3684,KMHT,medium_airport,Manchester-Boston Regional Airport,42.932598,-71.435699,266.0,,US,US-NH,Manchester,yes,KMHT,MHT,KMHT,MHT,https://flymanchester.com,https://en.wikipedia.org/wiki/Manchester-Boston_Regional_Airport,Manchester Airport
40549,3685,KMIA,large_airport,Miami International Airport,25.796011,-80.289751,8.0,,US,US-FL,Miami,yes,KMIA,MIA,KMIA,MIA,https://www.miami-airport.com/,https://en.wikipedia.org/wiki/Miami_International_Airport,"MFW, South Florida, Wilcox Field, Pan American Field"
40562,3690,KMKE,large_airport,General Mitchell International Airport,42.947201,-87.896599,723.0,,US,US-WI,Milwaukee,yes,KMKE,MKE,KMKE,MKE,https://www.mitchellairport.com/,https://en.wikipedia.org/wiki/General_Mitchell_International_Airport,
40572,3693,KMLB,medium_airport,Melbourne Orlando International Airport,28.102009,-80.641088,33.0,,US,US-FL,Melbourne,yes,KMLB,MLB,KMLB,MLB,https://www.mlbair.com/,https://en.wikipedia.org/wiki/Melbourne_International_Airport,
40577,3695,KMLI,medium_airport,Quad City International Airport,41.448502,-90.5075,590.0,,US,US-IL,Moline,yes,KMLI,MLI,KMLI,MLI,,https://en.wikipedia.org/wiki/Quad_City_International_Airport,
40581,3697,KMLU,medium_airport,Monroe Regional Airport,32.510899,-92.037697,79.0,,US,US-LA,Monroe,yes,KMLU,MLU,KMLU,MLU,,https://en.wikipedia.org/wiki/Monroe_Regional_Airport,
40601,3700,KMOB,medium_airport,Mobile Regional Airport,30.6912,-88.242798,219.0,,US,US-AL,Mobile,yes,KMOB,MOB,KMOB,MOB,http://www.mobairport.com/,https://en.wikipedia.org/wiki/Mobile_Regional_Airport,
40605,3702,KMOT,medium_airport,Minot International Airport,48.25801,-101.279123,1716.0,,US,US-ND,Minot,yes,KMOT,MOT,KMOT,MOT,,https://en.wikipedia.org/wiki/Minot_International_Airport,
40628,3705,KMRY,medium_airport,Monterey Regional Airport,36.586777,-121.844183,257.0,,US,US-CA,Monterey,yes,KMRY,MRY,KMRY,MRY,https://montereyairport.com,https://en.wikipedia.org/wiki/Monterey_Peninsula_Airport,Monterey Peninsula Airport
40630,3707,KMSN,medium_airport,Dane County Regional Truax Field,43.1399,-89.337502,887.0,,US,US-WI,Madison,yes,KMSN,MSN,KMSN,MSN,,https://en.wikipedia.org/wiki/Dane_County_Regional_Airport,
40631,3708,KMSO,medium_airport,Missoula Montana Airport,46.915816,-114.091107,3206.0,,US,US-MT,Missoula,yes,KMSO,MSO,KMSO,MSO,https://flymissoula.com,https://en.wikipedia.org/wiki/Missoula_International_Airport,
40632,3709,KMSP,large_airport,Minneapolis–Saint Paul International Airport / Wold–Chamberlain Field,44.880081,-93.221741,841.0,,US,US-MN,Minneapolis,yes,KMSP,MSP,KMSP,MSP,https://www.mspairport.com/,https://en.wikipedia.org/wiki/Minneapolis–Saint_Paul_International_Airport,
40635,3711,KMSY,large_airport,Louis Armstrong New Orleans International Airport,29.993401,-90.264673,4.0,,US,US-LA,New Orleans,yes,KMSY,MSY,KMSY,MSY,https://flymsy.com/,https://en.wikipedia.org/wiki/Louis_Armstrong_New_Orleans_International_Airport,
40638,20565,KMTJ,medium_airport,Montrose Regional Airport,38.5098,-107.893997,5759.0,,US,US-CO,Montrose,yes,KMTJ,MTJ,KMTJ,MTJ,https://montroseairport.com/,https://en.wikipedia.org/wiki/Montrose_Regional_Airport,
40654,20578,KMVY,small_airport,Martha's Vineyard Airport,41.3931007385,-70.6143035889,67.0,,US,US-MA,Martha's Vineyard,yes,KMVY,MVY,KMVY,MVY,,https://en.wikipedia.org/wiki/Martha's_Vineyard_Airport,
40670,3717,KMYR,large_airport,Myrtle Beach International Airport,33.679699,-78.928299,25.0,,US,US-SC,Myrtle Beach,yes,KMYR,MYR,KMYR,MYR,https://www.flymyrtlebeach.com,https://en.wikipedia.org/wiki/Myrtle_Beach_International_Airport,
40769,3961,KNYL,medium_airport,Yuma International Airport / Marine Corps Air Station Yuma,32.650938,-114.609375,213.0,,US,US-AZ,Yuma,yes,KNYL,YUM,KNYL,NYL,,https://en.wikipedia.org/wiki/Yuma_International_Airport,"Yuma MCAS, Yuma Marine Corps Air Station, Formerly KYUM"
40808,20709,KOAJ,medium_airport,Albert J Ellis Airport,34.829201,-77.612099,94.0,,US,US-NC,Richlands,yes,KOAJ,OAJ,KOAJ,OAJ,https://flyoaj.com/,https://en.wikipedia.org/wiki/Albert_J._Ellis_Airport,
40809,3744,KOAK,large_airport,Oakland San Francisco Bay Airport,37.720085,-122.221184,9.0,,US,US-CA,Oakland,yes,KOAK,OAK,KOAK,OAK,https://www.iflyoak.com/,https://en.wikipedia.org/wiki/Oakland_International_Airport,Metro Oakland International
40836,3747,KOKC,large_airport,OKC Will Rogers World Airport,35.393388,-97.598248,1295.0,,US,US-OK,Oklahoma City,yes,KOKC,OKC,KOKC,OKC,https://flyokc.com/,https://en.wikipedia.org/wiki/Will_Rogers_World_Airport,
40853,3751,KOMA,large_airport,Eppley Airfield,41.3032,-95.894096,984.0,,US,US-NE,Omaha,yes,KOMA,OMA,KOMA,OMA,https://www.flyoma.com,https://en.wikipedia.org/wiki/Eppley_Airfield,
40862,3752,KONT,large_airport,Ontario International Airport,34.056,-117.600998,944.0,,US,US-CA,Ontario,yes,KONT,ONT,KONT,ONT,https://www.flyontario.com/,https://en.wikipedia.org/wiki/LA/Ontario_International_Airport,
40874,3754,KORD,large_airport,Chicago O'Hare International Airport,41.9786,-87.9048,680.0,,US,US-IL,Chicago,yes,KORD,ORD,KORD,ORD,https://www.flychicago.com/ohare/home/pages/default.aspx,https://en.wikipedia.org/wiki/O'Hare_International_Airport,"CHI, Orchard Place"
40876,3755,KORF,large_airport,Norfolk International Airport,36.895341,-76.201,26.0,,US,US-VA,Norfolk,yes,KORF,ORF,KORF,ORF,https://www.norfolkairport.com/,https://en.wikipedia.org/wiki/Norfolk_International_Airport,
40878,3756,KORH,medium_airport,Worcester Regional Airport,42.2673,-71.875702,1009.0,,US,US-MA,Worcester,yes,KORH,ORH,KORH,ORH,,https://en.wikipedia.org/wiki/Worcester-Metrowest-Boston_Airport,
40888,3759,KOTH,medium_airport,Southwest Oregon Regional Airport,43.41709899902344,-124.24600219726562,17.0,,US,US-OR,North Bend,yes,KOTH,OTH,KOTH,OTH,,https://en.wikipedia.org/wiki/Southwest_Oregon_Regional_Airport,
41013,3763,KPAE,medium_airport,Seattle Paine Field International Airport,47.9063,-122.281998,606.0,,US,US-WA,Everett,yes,KPAE,PAE,KPAE,PAE,https://painefield.com,https://en.wikipedia.org/wiki/Paine_Field,"Snohomish County, Snohomish County Airport, Paine Field"
41014,3764,KPAH,medium_airport,Barkley Regional Airport,37.06079864501953,-88.7738037109375,410.0,,US,US-KY,Paducah,yes,KPAH,PAH,KPAH,PAH,,https://en.wikipedia.org/wiki/Barkley_Regional_Airport,
41020,20808,KPBG,medium_airport,Plattsburgh International Airport,44.650902,-73.468102,234.0,,US,US-NY,Plattsburgh,yes,KPBG,PBG,KPBG,PBG,http://www.plattsburghinternationalairport.com/,https://en.wikipedia.org/wiki/Plattsburgh_International_Airport,Plattsburgh Air Force Base
41022,3766,KPBI,large_airport,Palm Beach International Airport,26.683201,-80.095596,19.0,,US,US-FL,West Palm Beach,yes,KPBI,PBI,KPBI,PBI,https://www.pbia.org/,https://en.wikipedia.org/wiki/Palm_Beach_International_Airport,"MFW, South Florida"
41031,3768,KPDX,large_airport,Portland International Airport,45.588699,-122.598,31.0,,US,US-OR,Portland,yes,KPDX,PDX,KPDX,PDX,https://www.flypdx.com/,https://en.wikipedia.org/wiki/Portland_International_Airport,
41039,20822,KPGD,medium_airport,Punta Gorda Airport,26.9202,-81.990501,26.0,,US,US-FL,Punta Gorda,yes,KPGD,PGD,KPGD,PGD,http://www.flypgd.com/,https://en.wikipedia.org/wiki/Punta_Gorda_Airport_(Florida),"Charlotte County, Punta Gorda AAF"
41043,3770,KPHF,medium_airport,Newport News Williamsburg International Airport,37.131901,-76.492996,42.0,,US,US-VA,Newport News,yes,KPHF,PHF,KPHF,PHF,,https://en.wikipedia.org/wiki/Newport_News/Williamsburg_International_Airport,
41047,3771,KPHL,large_airport,Philadelphia International Airport,39.871899,-75.241096,36.0,,US,US-PA,Philadelphia,yes,KPHL,PHL,KPHL,PHL,http://www.phl.org/,https://en.wikipedia.org/wiki/Philadelphia_International_Airport,
41051,3772,KPHX,large_airport,Phoenix Sky Harbor International Airport,33.435302,-112.005905,1135.0,,US,US-AZ,Phoenix,yes,KPHX,PHX,KPHX,PHX,http://phoenix.gov/skyharborairport/,https://en.wikipedia.org/wiki/Phoenix_Sky_Harbor_International_Airport,
41052,3773,KPIA,medium_airport,General Wayne A. Downing Peoria International Airport,40.663841,-89.692631,660.0,,US,US-IL,Peoria,yes,KPIA,PIA,KPIA,PIA,,https://en.wikipedia.org/wiki/General_Wayne_A._Downing_Peoria_International_Airport,Peoria International Airport
41053,3774,KPIB,medium_airport,Hattiesburg Laurel Regional Airport,31.4671,-89.337097,298.0,,US,US-MS,Moselle,yes,KPIB,PIB,KPIB,PIB,,https://en.wikipedia.org/wiki/Hattiesburg-Laurel_Regional_Airport,
41054,3775,KPIE,large_airport,St. Petersburg Clearwater International Airport,27.9102,-82.687401,11.0,,US,US-FL,Pinellas Park,yes,KPIE,PIE,KPIE,PIE,,https://en.wikipedia.org/wiki/St._Petersburg-Clearwater_International_Airport,
41055,3776,KPIH,medium_airport,Pocatello Regional Airport,42.9098014831543,-112.59600067138672,4452.0,,US,US-ID,Pocatello,yes,KPIH,PIH,KPIH,PIH,,https://en.wikipedia.org/wiki/Pocatello_Regional_Airport,
41058,3777,KPIR,medium_airport,Pierre Regional Airport,44.38270187,-100.2860031,1744.0,,US,US-SD,Pierre,yes,KPIR,PIR,KPIR,PIR,,https://en.wikipedia.org/wiki/Pierre_Regional_Airport,
41059,3778,KPIT,large_airport,Pittsburgh International Airport,40.491501,-80.232903,1203.0,,US,US-PA,Pittsburgh,yes,KPIT,PIT,KPIT,PIT,https://flypittsburgh.com/,https://en.wikipedia.org/wiki/Pittsburgh_International_Airport,
41069,3781,KPLN,medium_airport,Pellston Regional Airport of Emmet County Airport,45.57089996,-84.79669952,721.0,,US,US-MI,Pellston,yes,KPLN,PLN,KPLN,PLN,,https://en.wikipedia.org/wiki/Pellston_Regional_Airport,
41084,3783,KPNS,large_airport,Pensacola International Airport,30.472718,-87.186639,121.0,,US,US-FL,Pensacola,yes,KPNS,PNS,KPNS,PNS,http://www.flypensacola.com/,https://en.wikipedia.org/wiki/Pensacola_Regional_Airport,
41098,3787,KPQI,medium_airport,Presque Isle International Airport,46.688999,-68.0448,534.0,,US,US-ME,Presque Isle,yes,KPQI,PQI,KPQI,PQI,https://flypresqueisle.com,https://en.wikipedia.org/wiki/Presque_Isle_International_Airport,Northern Maine Regional
41103,3789,KPRC,medium_airport,Prescott Regional Airport - Ernest A. Love Field,34.653502,-112.419883,5045.0,,US,US-AZ,Prescott,yes,KPRC,PRC,KPRC,PRC,,https://en.wikipedia.org/wiki/Ernest_A._Love_Field,
41111,20870,KPSC,medium_airport,Tri Cities Airport,46.264702,-119.119003,410.0,,US,US-WA,Pasco,yes,KPSC,PSC,KPSC,PSC,,https://en.wikipedia.org/wiki/Tri-Cities_Airport_(Washington),
41114,3791,KPSM,medium_airport,Portsmouth International Airport at Pease,43.0779,-70.823303,100.0,,US,US-NH,Portsmouth,yes,KPSM,PSM,KPSM,PSM,https://flypsmairport.com,https://en.wikipedia.org/wiki/Pease_International_Airport,
41117,3792,KPSP,large_airport,Palm Springs International Airport,33.8297,-116.507004,477.0,,US,US-CA,Palm Springs,yes,KPSP,PSP,KPSP,PSP,http://www.palmspringsca.gov/index.aspx?page=270,https://en.wikipedia.org/wiki/Palm_Springs_International_Airport,Palm Springs Air Base
41133,3795,KPVD,large_airport,Rhode Island T. F. Green International Airport,41.725038,-71.425668,55.0,,US,US-RI,Providence/Warwick,yes,KPVD,PVD,KPVD,PVD,https://flyri.com/,https://en.wikipedia.org/wiki/T._F._Green_Airport,
41138,20890,KPVU,medium_airport,Provo Municipal Airport,40.218894,-111.722445,4497.0,,US,US-UT,Provo,yes,KPVU,PVU,KPVU,PVU,https://airport.provo.gov/,https://en.wikipedia.org/wiki/Provo_Municipal_Airport,
41145,3796,KPWM,large_airport,Portland International Jetport,43.646198,-70.309303,76.0,,US,US-ME,Portland,yes,KPWM,PWM,KPWM,PWM,https://portlandjetport.org/,https://en.wikipedia.org/wiki/Portland_International_Jetport,
42281,3838,KRAP,medium_airport,Rapid City Regional Airport,44.0452995300293,-103.05699920654295,3204.0,,US,US-SD,Rapid City,yes,KRAP,RAP,KRAP,RAP,,https://en.wikipedia.org/wiki/Rapid_City_Regional_Airport,
42299,3841,KRDD,medium_airport,Redding Municipal Airport,40.50899887,-122.2929993,505.0,,US,US-CA,Redding,yes,KRDD,RDD,KRDD,RDD,,https://en.wikipedia.org/wiki/Redding_Municipal_Airport,
42302,3843,KRDM,medium_airport,Roberts Field,44.254101,-121.150002,3080.0,,US,US-OR,Redmond,yes,KRDM,RDM,KRDM,RDM,,https://en.wikipedia.org/wiki/Roberts_Field,
42304,3844,KRDU,large_airport,Raleigh-Durham International Airport,35.878659,-78.7873,435.0,,US,US-NC,Raleigh/Durham,yes,KRDU,RDU,KRDU,RDU,https://www.rdu.com/,https://en.wikipedia.org/wiki/Raleigh-Durham_International_Airport,
42308,3845,KRFD,medium_airport,Chicago Rockford International Airport,42.1954,-89.097198,742.0,,US,US-IL,Chicago/Rockford,yes,KRFD,RFD,KRFD,RFD,,https://en.wikipedia.org/wiki/Chicago/Rockford_International_Airport,
42312,3846,KRHI,medium_airport,Rhinelander Oneida County Airport,45.63119888305664,-89.46749877929688,1624.0,,US,US-WI,Rhinelander,yes,KRHI,RHI,KRHI,RHI,,https://en.wikipedia.org/wiki/Rhinelander-Oneida_County_Airport,
42315,3847,KRIC,large_airport,Richmond International Airport,37.505199,-77.319702,167.0,,US,US-VA,Richmond,yes,KRIC,RIC,KRIC,RIC,https://flyrichmond.com/,https://en.wikipedia.org/wiki/Richmond_International_Airport,
42322,20933,KRIW,medium_airport,Central Wyoming Regional Airport,43.064201,-108.459999,5525.0,,US,US-WY,Riverton,yes,KRIW,RIW,KRIW,RIW,https://centralwyomingairport.com/,https://en.wikipedia.org/wiki/Central_Wyoming_Regional_Airport,
42328,3850,KRKS,medium_airport,Southwest Wyoming Regional Airport,41.5942,-109.065001,6764.0,,US,US-WY,Rock Springs,yes,KRKS,RKS,KRKS,RKS,,https://en.wikipedia.org/wiki/Rock_Springs_-_Sweetwater_County_Airport,Rock Springs Sweetwater County
42339,3853,KRNO,large_airport,Reno Tahoe International Airport,39.4991,-119.767998,4415.0,,US,US-NV,Reno,yes,KRNO,RNO,KRNO,RNO,https://www.renoairport.com/,https://en.wikipedia.org/wiki/Reno-Tahoe_International_Airport,
42343,3854,KROA,medium_airport,Roanoke–Blacksburg Regional Airport,37.3255,-79.975403,1175.0,,US,US-VA,Roanoke,yes,KROA,ROA,KROA,ROA,http://www.flyroa.com,https://en.wikipedia.org/wiki/Roanoke%E2%80%93Blacksburg_Regional_Airport,Woodrum Field
42344,3855,KROC,large_airport,Frederick Douglass Greater Rochester International Airport,43.1189,-77.672401,559.0,,US,US-NY,Rochester,yes,KROC,ROC,KROC,ROC,https://rocairport.com/,https://en.wikipedia.org/wiki/Greater_Rochester_International_Airport,
42347,3856,KROW,medium_airport,Roswell Air Center Airport,33.301601,-104.530998,3671.0,,US,US-NM,Roswell,yes,KROW,ROW,KROW,ROW,,https://en.wikipedia.org/wiki/Roswell_International_Air_Center,"Roswell Army Air Field, Walker Air Force Base"
42362,3857,KRST,medium_airport,Rochester International Airport,43.908298,-92.5,1317.0,,US,US-MN,Rochester,yes,KRST,RST,KRST,RST,,https://en.wikipedia.org/wiki/Rochester_International_Airport,
42364,3858,KRSW,large_airport,Southwest Florida International Airport,26.534685,-81.752816,30.0,,US,US-FL,Fort Myers,yes,KRSW,RSW,KRSW,RSW,http://www.flylcpa.com/,https://en.wikipedia.org/wiki/Southwest_Florida_International_Airport,
42433,21033,KSAF,medium_airport,Santa Fe Municipal Airport,35.6171,-106.088997,6348.0,,US,US-NM,Santa Fe,yes,KSAF,SAF,KSAF,SAF,https://flysantafe.com/flights/airlines/,https://en.wikipedia.org/wiki/Santa_Fe_Regional_Airport,
42434,3862,KSAN,large_airport,San Diego International Airport,32.733601,-117.190002,17.0,,US,US-CA,San Diego,yes,KSAN,SAN,KSAN,SAN,http://www.san.org/,https://en.wikipedia.org/wiki/San_Diego_International_Airport,Lindbergh Field
42437,3863,KSAT,large_airport,San Antonio International Airport,29.533701,-98.469803,809.0,,US,US-TX,San Antonio,yes,KSAT,SAT,KSAT,SAT,https://www.sanantonio.gov/aviation,https://en.wikipedia.org/wiki/San_Antonio_International_Airport,
42438,3864,KSAV,large_airport,Savannah Hilton Head International Airport,32.126591,-81.19998,50.0,,US,US-GA,Savannah,yes,KSAV,SAV,KSAV,SAV,https://savannahairport.com/,https://en.wikipedia.org/wiki/Savannah/Hilton_Head_International_Airport,
42439,3865,KSAW,medium_airport,Marquette/Sawyer International Airport,46.351498,-87.395884,1221.0,,US,US-MI,Gwinn,yes,KSAW,MQT,KSAW,SAW,http://www.sawyerairport.com/,https://en.wikipedia.org/wiki/Sawyer_International_Airport,
42441,3866,KSBA,medium_airport,Santa Barbara Municipal Airport,34.426201,-119.839996,13.0,,US,US-CA,Santa Barbara,yes,KSBA,SBA,KSBA,SBA,,https://en.wikipedia.org/wiki/Santa_Barbara_Airport,
42444,3868,KSBN,medium_airport,South Bend International Airport,41.708304,-86.316922,799.0,,US,US-IN,South Bend,yes,KSBN,SBN,KSBN,SBN,https://flysbn.com,https://en.wikipedia.org/wiki/South_Bend_Regional_Airport,
42446,3869,KSBP,medium_airport,San Luis County Regional Airport,35.236801147499996,-120.641998291,212.0,,US,US-CA,San Luis Obispo,yes,KSBP,SBP,KSBP,SBP,http://www.sloairport.com/,https://en.wikipedia.org/wiki/San_Luis_Obispo_County_Regional_Airport,SLO Airport
42454,3872,KSCK,medium_airport,Stockton Metropolitan Airport,37.893279,-121.238079,33.0,,US,US-CA,Stockton,yes,KSCK,SCK,KSCK,SCK,http://www.sjgov.org/airport/,https://en.wikipedia.org/wiki/Stockton_Metropolitan_Airport,
42458,3873,KSDF,large_airport,Louisville Muhammad Ali International Airport,38.1706,-85.735076,501.0,,US,US-KY,Louisville,yes,KSDF,SDF,KSDF,SDF,http://www.flylouisville.com,https://en.wikipedia.org/wiki/Louisville_International_Airport,"Louisville International, Standiford Field"
42462,3875,KSEA,large_airport,Seattle–Tacoma International Airport,47.447943,-122.310276,433.0,,US,US-WA,Seattle,yes,KSEA,SEA,KSEA,SEA,https://www.portseattle.org/sea-tac,https://en.wikipedia.org/wiki/Seattle%E2%80%93Tacoma_International_Airport,"Sea-Tac Airport, SeaTac Airport"
42472,3876,KSFB,large_airport,Orlando Sanford International Airport,28.774277,-81.234626,55.0,,US,US-FL,Orlando,yes,KSFB,SFB,KSFB,SFB,https://flysfb.com,https://en.wikipedia.org/wiki/Orlando_Sanford_International_Airport,
42475,3878,KSFO,large_airport,San Francisco International Airport,37.619806,-122.374821,13.0,,US,US-CA,San Francisco,yes,KSFO,SFO,KSFO,SFO,http://www.flysfo.com/,https://en.wikipedia.org/wiki/San_Francisco_International_Airport,"QSF, QBA"
42479,3879,KSGF,medium_airport,Springfield Branson National Airport,37.245047,-93.388596,1268.0,,US,US-MO,Springfield,yes,KSGF,SGF,KSGF,SGF,https://flyspringfield.com,https://en.wikipedia.org/wiki/Springfield/Branson_National_Airport,
42485,21065,KSGU,medium_airport,St George Regional Airport,37.036389,-113.510306,2941.0,,US,US-UT,St George,yes,KSGU,SGU,KSGU,SGU,https://www.flysgu.org,https://en.wikipedia.org/wiki/St._George_Regional_Airport,DXZ
42486,21066,KSHD,medium_airport,Shenandoah Valley Regional Airport,38.263802,-78.8964,1201.0,,US,US-VA,Weyers Cave,yes,KSHD,SHD,KSHD,SHD,,https://en.wikipedia.org/wiki/Shenandoah_Valley_Regional_Airport,"Harrisonburg, Staunton, Waynesboro"
42489,3881,KSHR,medium_airport,Sheridan County Airport,44.76919937133789,-106.9800033569336,4021.0,,US,US-WY,Sheridan,yes,KSHR,SHR,KSHR,SHR,,https://en.wikipedia.org/wiki/Sheridan_County_Airport,
42490,3882,KSHV,medium_airport,Shreveport Regional Airport,32.444747,-93.826741,258.0,,US,US-LA,Shreveport,yes,KSHV,SHV,KSHV,SHV,,https://en.wikipedia.org/wiki/Shreveport_Regional_Airport,
42495,3883,KSJC,large_airport,Norman Y. Mineta San Jose International Airport,37.362452,-121.929188,62.0,,US,US-CA,San Jose,yes,KSJC,SJC,KSJC,SJC,https://www.flysanjose.com/,https://en.wikipedia.org/wiki/San_Jose_International_Airport,
42497,3884,KSJT,medium_airport,San Angelo Regional Mathis Field,31.35770034790039,-100.49600219726562,1919.0,,US,US-TX,San Angelo,yes,KSJT,SJT,KSJT,SJT,,https://en.wikipedia.org/wiki/San_Angelo_Regional_Airport,
42504,3887,KSLC,large_airport,Salt Lake City International Airport,40.78886,-111.979866,4227.0,,US,US-UT,Salt Lake City,yes,KSLC,SLC,KSLC,SLC,https://slcairport.com/,https://en.wikipedia.org/wiki/Salt_Lake_City_International_Airport,
42511,3891,KSLN,medium_airport,Salina Municipal Airport,38.79100036621094,-97.6521987915039,1288.0,,US,US-KS,Salina,yes,KSLN,SLN,KSLN,SLN,,https://en.wikipedia.org/wiki/Salina_Municipal_Airport,
42516,3892,KSMF,large_airport,Sacramento International Airport,38.6954,-121.591003,27.0,,US,US-CA,Sacramento,yes,KSMF,SMF,KSMF,SMF,https://sacramento.aero/smf,https://en.wikipedia.org/wiki/Sacramento_International_Airport,
42521,3893,KSMX,medium_airport,Santa Maria Public Airport Captain G Allan Hancock Field,34.898899,-120.457001,261.0,,US,US-CA,Santa Maria,yes,KSMX,SMX,KSMX,SMX,,https://en.wikipedia.org/wiki/Santa_Maria_Public_Airport,
42522,3894,KSNA,large_airport,John Wayne Orange County International Airport,33.675063,-117.869281,56.0,,US,US-CA,Santa Ana,yes,KSNA,SNA,KSNA,SNA,http://www.ocair.com/,https://en.wikipedia.org/wiki/John_Wayne_Airport,"Disney, Disneyland, Orange County"
42537,3897,KSPI,medium_airport,Abraham Lincoln Capital Airport,39.844101,-89.677902,598.0,,US,US-IL,Springfield,yes,KSPI,SPI,KSPI,SPI,,https://en.wikipedia.org/wiki/Abraham_Lincoln_Capital_Airport,
42539,3898,KSPS,medium_airport,Wichita Falls Municipal Airport / Sheppard Air Force Base,33.9888,-98.491898,1019.0,,US,US-TX,Wichita Falls,yes,KSPS,SPS,KSPS,SPS,http://www.flywichitafalls.net/,https://en.wikipedia.org/wiki/Wichita_Falls_Municipal_Airport,Sheppard Air Force Base
42547,3899,KSRQ,large_airport,Sarasota Bradenton International Airport,27.394631,-82.554359,30.0,,US,US-FL,Sarasota/Bradenton,yes,KSRQ,SRQ,KSRQ,SRQ,https://flysrq.com,https://en.wikipedia.org/wiki/Sarasota-Bradenton_International_Airport,
42553,3903,KSTC,medium_airport,Saint Cloud Regional Airport,45.5466,-94.059898,1031.0,,US,US-MN,Saint Cloud,yes,KSTC,STC,KSTC,STC,,https://en.wikipedia.org/wiki/St._Cloud_Regional_Airport,
42558,3905,KSTL,large_airport,St. Louis Lambert International Airport,38.748697,-90.370003,618.0,,US,US-MO,St Louis,yes,KSTL,STL,KSTL,STL,https://www.flystl.com/,https://en.wikipedia.org/wiki/St._Louis_Lambert_International_Airport,Lambert St Louis
42560,21114,KSTS,medium_airport,Charles M. Schulz Sonoma County Airport,38.50899887,-122.8130035,128.0,,US,US-CA,Santa Rosa,yes,KSTS,STS,KSTS,STS,http://www.sonomacountyairport.org/,https://en.wikipedia.org/wiki/Charles_M._Schulz_-_Sonoma_County_Airport,
42564,21118,KSUN,medium_airport,Friedman Memorial Airport,43.50439835,-114.2959976,5318.0,,US,US-ID,Hailey,yes,KSUN,SUN,KSUN,SUN,,https://en.wikipedia.org/wiki/Friedman_Memorial_Airport,
42570,3909,KSUX,medium_airport,Sioux Gateway Airport / Brigadier General Bud Day Field,42.397605,-96.382237,1098.0,,US,US-IA,Sioux City,yes,KSUX,SUX,KSUX,SUX,https://www.sioux-city.org/government/departments-a-f/airport,https://en.wikipedia.org/wiki/Sioux_Gateway_Airport,"Col. Bud Day, Sioux City AB, Sioux City AAB"
42576,3911,KSWF,medium_airport,New York Stewart International Airport,41.50421,-74.108901,491.0,,US,US-NY,Newburgh,yes,KSWF,SWF,KSWF,SWF,https://www.swfny.com/,https://en.wikipedia.org/wiki/Stewart_International_Airport,
42578,3912,KSWO,medium_airport,Stillwater Regional Airport,36.162132,-97.085581,1000.0,,US,US-OK,Stillwater,yes,KSWO,SWO,KSWO,SWO,http://stillwater.org/government/city_facilities/stillwater_regional_airport/,https://en.wikipedia.org/wiki/Stillwater_Regional_Airport,
42586,3913,KSYR,large_airport,Syracuse Hancock International Airport,43.11119842529297,-76.1063003540039,421.0,,US,US-NY,Syracuse,yes,KSYR,SYR,KSYR,SYR,http://www.syrairport.org/,https://en.wikipedia.org/wiki/Syracuse_Hancock_International_Airport,
42666,3924,KTLH,medium_airport,Tallahassee International Airport,30.401209,-84.35433,81.0,,US,US-FL,Tallahassee,yes,KTLH,TLH,KTLH,TLH,https://www.talgov.com/airport/airport,https://en.wikipedia.org/wiki/Tallahassee_Regional_Airport,
42680,3925,KTOL,medium_airport,Eugene F. Kranz Toledo Express Airport,41.5868,-83.8078,683.0,,US,US-OH,Toledo,yes,KTOL,TOL,KTOL,TOL,,https://en.wikipedia.org/wiki/Toledo_Express_Airport,
42683,3926,KTPA,large_airport,Tampa International Airport,27.9755,-82.533203,26.0,,US,US-FL,Tampa,yes,KTPA,TPA,KTPA,TPA,https://www.tampaairport.com/,https://en.wikipedia.org/wiki/Tampa_International_Airport,
42690,3928,KTRI,medium_airport,Tri-Cities Regional TN/VA Airport,36.475201,-82.407401,1519.0,,US,US-TN,Blountville,yes,KTRI,TRI,KTRI,TRI,,https://en.wikipedia.org/wiki/Tri-Cities_Regional_Airport,
42700,3929,KTTN,medium_airport,Trenton Mercer Airport,40.276699,-74.813499,213.0,,US,US-NJ,Ewing Township,yes,KTTN,TTN,KTTN,TTN,,https://en.wikipedia.org/wiki/Trenton-Mercer_Airport,
42702,3930,KTUL,large_airport,Tulsa International Airport,36.197084,-95.886225,677.0,,US,US-OK,Tulsa,yes,KTUL,TUL,KTUL,TUL,,https://en.wikipedia.org/wiki/Tulsa_International_Airport,
42704,3932,KTUS,large_airport,Tucson International Airport,32.115004,-110.938053,2643.0,,US,US-AZ,Tucson,yes,KTUS,TUS,KTUS,TUS,https://www.flytucson.com/,https://en.wikipedia.org/wiki/Tucson_International_Airport,Morris Air National Guard Base
42706,3933,KTVC,medium_airport,Cherry Capital Airport,44.741402,-85.582199,624.0,,US,US-MI,Traverse City,yes,KTVC,TVC,KTVC,TVC,https://tvcairport.com,https://en.wikipedia.org/wiki/Cherry_Capital_Airport,
42713,3935,KTWF,medium_airport,Joslin Field Magic Valley Regional Airport,42.4818,-114.487999,4154.0,,US,US-ID,Twin Falls,yes,KTWF,TWF,KTWF,TWF,,https://en.wikipedia.org/wiki/Magic_Valley_Regional_Airport,
42716,3936,KTXK,medium_airport,Texarkana Regional Airport (Webb Field),33.453701,-93.990997,390.0,,US,US-AR,Texarkana,yes,KTXK,TXK,KTXK,TXK,,https://en.wikipedia.org/wiki/Texarkana_Regional_Airport,
42719,3937,KTYR,medium_airport,Tyler Pounds Regional Airport,32.35409927368164,-95.40239715576172,544.0,,US,US-TX,Tyler,yes,KTYR,TYR,KTYR,TYR,,https://en.wikipedia.org/wiki/Tyler_Pounds_Regional_Airport,
42720,3938,KTYS,large_airport,McGhee Tyson Airport,35.811001,-83.994003,981.0,,US,US-TN,Knoxville/Maryville,yes,KTYS,TYS,KTYS,TYS,https://flyknowxville.com,https://en.wikipedia.org/wiki/McGhee_Tyson_Airport,Knoxville
42780,21300,KUNV,medium_airport,State College Regional Airport,40.849374,-77.84852,1239.0,,US,US-PA,State College,yes,KUNV,SCE,KUNV,UNV,http://universityparkairport.com/,https://en.wikipedia.org/wiki/University_Park_Airport,University Park
42799,3945,KVCT,medium_airport,Victoria Regional Airport,28.85260009765625,-96.9185028076172,115.0,,US,US-TX,Victoria,yes,KVCT,VCT,KVCT,VCT,,https://en.wikipedia.org/wiki/Victoria_Regional_Airport,
42824,3948,KVPS,medium_airport,Destin-Fort Walton Beach Airport,30.481315,-86.515839,87.0,,US,US-FL,Valparaiso,yes,KVPS,VPS,KVPS,VPS,http://www.flyvps.com/,https://en.wikipedia.org/wiki/Destin%E2%80%93Fort_Walton_Beach_Airport,Eglin AFB
42827,3950,KVRB,medium_airport,Vero Beach Regional Airport,27.6556,-80.417901,24.0,,US,US-FL,Vero Beach,yes,KVRB,VRB,KVRB,VRB,http://verobeachairport.org/,https://en.wikipedia.org/wiki/Vero_Beach_Municipal_Airport,Vero Beach Municipal
42921,3955,KWYS,medium_airport,Yellowstone Airport,44.6884,-111.117996,6649.0,,US,US-MT,West Yellowstone,yes,KWYS,WYS,KWYS,WYS,https://yellowstoneairport.mdt.mt.gov,https://en.wikipedia.org/wiki/Yellowstone_Airport,
42945,21410,KXNA,medium_airport,Northwest Arkansas National Airport,36.281898,-94.306801,1287.0,,US,US-AR,Fayetteville/Springdale/Rogers,yes,KXNA,XNA,KXNA,XNA,http://www.flyxna.com/,https://en.wikipedia.org/wiki/Northwest_Arkansas_Regional_Airport,"Bentonville, Rogers"
42951,324440,KXWA,medium_airport,Williston Basin International Airport,48.260863,-103.75116,2344.0,,US,US-ND,Williston,yes,KXWA,XWA,KXWA,XWA,http://www.xwaproject.com/,https://en.wikipedia.org/wiki/Williston_Basin_International_Airport,
50823,4978,NSTU,large_airport,Pago Pago International Airport,-14.331,-170.710007,32.0,OC,AS,AS-WT,Pago Pago,yes,NSTU,PPG,NSTU,PPG,,https://en.wikipedia.org/wiki/Pago_Pago_International_Airport,
52491,5338,PABE,medium_airport,Bethel Airport,60.77980042,-161.8379974,126.0,,US,US-AK,Bethel,yes,PABE,BET,PABE,BET,,https://en.wikipedia.org/wiki/Bethel_Airport,
52497,5342,PABR,medium_airport,Wiley Post Will Rogers Memorial Airport,71.285402,-156.766008,44.0,,US,US-AK,Utqiaġvik,yes,PABR,BRW,PABR,BRW,,https://en.wikipedia.org/wiki/Wiley_Post-Will_Rogers_Memorial_Airport,Barrow
52509,5348,PACV,medium_airport,Merle K (Mudhole) Smith Airport,60.491798,-145.477997,54.0,,US,US-AK,Cordova,yes,PACV,CDV,PACV,CDV,,https://en.wikipedia.org/wiki/Merle_K._(Mudhole)_Smith_Airport,Cordova Mile 13
52515,16092,PADK,medium_airport,Adak Airport,51.883564,-176.642783,18.0,,US,US-AK,Adak,yes,PADK,ADK,PADK,ADK,,https://en.wikipedia.org/wiki/Adak_Airport,
52516,5351,PADL,medium_airport,Dillingham Airport,59.04470062,-158.5050049,81.0,,US,US-AK,Dillingham,yes,PADL,DLG,PADL,DLG,,https://en.wikipedia.org/wiki/Dillingham_Airport,
52518,5353,PADQ,medium_airport,Kodiak Airport,57.75,-152.4940033,78.0,,US,US-AK,Kodiak,yes,PADQ,ADQ,PADQ,ADQ,,https://en.wikipedia.org/wiki/Kodiak_Airport,
52530,5360,PAFA,medium_airport,Fairbanks International Airport,64.815102,-147.856003,439.0,,US,US-AK,Fairbanks,yes,PAFA,FAI,PAFA,FAI,,https://en.wikipedia.org/wiki/Fairbanks_International_Airport,
52547,5369,PAGS,medium_airport,Gustavus Airport,58.4253006,-135.7070007,35.0,,US,US-AK,Gustavus,yes,PAGS,GST,PAGS,GST,,https://en.wikipedia.org/wiki/Gustavus_Airport,
52570,5379,PAJN,medium_airport,Juneau International Airport,58.354935,-134.574416,21.0,,US,US-AK,Juneau,yes,PAJN,JNU,PAJN,JNU,https://juneau.org/airport,https://en.wikipedia.org/wiki/Juneau_International_Airport,
52578,5380,PAKN,medium_airport,King Salmon Airport,58.677845,-156.651965,73.0,,US,US-AK,King Salmon,yes,PAKN,AKN,PAKN,AKN,,https://en.wikipedia.org/wiki/King_Salmon_Airport,Naknek Air Force Base
52581,5382,PAKT,medium_airport,Ketchikan International Airport,55.35559845,-131.7140045,89.0,,US,US-AK,Ketchikan,yes,PAKT,KTN,PAKT,KTN,,https://en.wikipedia.org/wiki/Ketchikan_International_Airport,
52606,5388,PANC,large_airport,Ted Stevens Anchorage International Airport,61.179004,-149.992561,152.0,,US,US-AK,Anchorage,yes,PANC,ANC,PANC,ANC,https://dot.alaska.gov/anc/,https://en.wikipedia.org/wiki/Ted_Stevens_Anchorage_International_Airport,Anchorage
52618,5393,PAOM,medium_airport,Nome Airport,64.51219940185547,-165.44500732421875,37.0,,US,US-AK,Nome,yes,PAOM,OME,PAOM,OME,,https://en.wikipedia.org/wiki/Nome_Airport,
52621,5395,PAOT,medium_airport,Ralph Wien Memorial Airport,66.88469696,-162.598999,14.0,,US,US-AK,Kotzebue,yes,PAOT,OTZ,PAOT,OTZ,,https://en.wikipedia.org/wiki/Ralph_Wien_Memorial_Airport,
52626,5398,PAPG,medium_airport,Petersburg James A Johnson Airport,56.80170059,-132.9450073,111.0,,US,US-AK,Petersburg,yes,PAPG,PSG,PAPG,PSG,,https://en.wikipedia.org/wiki/Petersburg_James_A._Johnson_Airport,
52639,5405,PASC,medium_airport,Deadhorse Airport,70.19470215,-148.4649963,65.0,,US,US-AK,Deadhorse,yes,PASC,SCC,PASC,SCC,,https://en.wikipedia.org/wiki/Deadhorse_Airport,
52642,5408,PASI,medium_airport,Sitka Rocky Gutierrez Airport,57.04710006713867,-135.36199951171875,21.0,,US,US-AK,Sitka,yes,PASI,SIT,PASI,SIT,,https://en.wikipedia.org/wiki/Sitka_Rocky_Gutierrez_Airport,
52674,5421,PAWG,medium_airport,Wrangell Airport,56.48429871,-132.3699951,49.0,,US,US-AK,Wrangell,yes,PAWG,WRG,PAWG,WRG,,https://en.wikipedia.org/wiki/Wrangell_Airport,
52682,26343,PAYA,medium_airport,Yakutat Airport,59.508717,-139.660435,33.0,,US,US-AK,Yakutat,yes,PAYA,YAK,PAYA,YAK,,https://en.wikipedia.org/wiki/Yakutat_Airport,
52928,5431,PGSN,medium_airport,Saipan International Airport,15.119384,145.728848,215.0,OC,MP,MP-U-A,"I Fadang, Saipan",yes,PGSN,SPN,PGSN,GSN,,https://en.wikipedia.org/wiki/Saipan_International_Airport,Francisco C. Ada
52930,5433,PGUM,large_airport,Antonio B. Won Pat International Airport,13.485,144.797282,298.0,OC,GU,GU-U-A,Hagåtña,yes,PGUM,GUM,PGUM,GUM,http://www.guamairport.com/,https://en.wikipedia.org/wiki/Antonio_B._Won_Pat_International_Airport,"NGM, NAS Agana"
53688,5448,PHKO,large_airport,Ellison Onizuka Kona International Airport at Keāhole,19.738783,-156.045603,47.0,OC,US,US-HI,Kailua-Kona,yes,PHKO,KOA,PHKO,KOA,https://airports.hawaii.gov/koa/,https://en.wikipedia.org/wiki/Kona_International_Airport,
53689,5449,PHLI,large_airport,Lihue Airport,21.974393,-159.337146,153.0,OC,US,US-HI,"Lihue, Kauai",yes,PHLI,LIH,PHLI,LIH,https://airports.hawaii.gov/lih,https://en.wikipedia.org/wiki/Lihu'e_Airport,
53694,5453,PHNL,large_airport,Daniel K. Inouye International Airport,21.318387,-157.92567,13.0,OC,US,US-HI,"Honolulu, Oahu",yes,PHNL,HNL,PHNL,HNL,http://airports.hawaii.gov/hnl/,https://en.wikipedia.org/wiki/Daniel_K._Inouye_International_Airport,"Hickam Air Force Base, HIK, PHIK, KHNL, Honolulu International"
53697,5455,PHOG,large_airport,Kahului International Airport,20.896263,-156.431837,54.0,OC,US,US-HI,Kahului,yes,PHOG,OGG,PHOG,OGG,https://airports.hawaii.gov/ogg/,https://en.wikipedia.org/wiki/Kahului_Airport,
53700,5457,PHTO,medium_airport,Hilo International Airport,19.72135,-155.045428,38.0,OC,US,US-HI,Hilo,yes,PHTO,ITO,PHTO,ITO,,https://en.wikipedia.org/wiki/Hilo_International_Airport,
65121,6369,TIST,large_airport,Cyril E. King Airport,18.337091,-64.977251,23.0,,VI,VI-ST,Charlotte Amalie,yes,TIST,STT,TIST,STT,http://www.viport.com/airports.html,https://en.wikipedia.org/wiki/Cyril_E._King_Airport,Harry S. Truman Airport
65122,6370,TISX,medium_airport,Henry E. Rohlsen Airport,17.701413,-64.802608,74.0,,VI,VI-SC,Christiansted,yes,TISX,STX,TISX,STX,https://www.viport.com/herastx,https://en.wikipedia.org/wiki/Henry_E._Rohlsen_Airport,St Croix
65138,6379,TJBQ,medium_airport,Rafael Hernández International Airport,18.4949,-67.129402,237.0,,PR,PR-U-A,Aguadilla,yes,TJBQ,BQN,TJBQ,BQN,,https://en.wikipedia.org/wiki/Rafael_Hern%C3%A1ndez_Airport,"Ramey, TJFF"
65143,6383,TJPS,medium_airport,Mercedita International Airport,18.008301,-66.563004,29.0,,PR,PR-U-A,Ponce,yes,TJPS,PSE,TJPS,PSE,,https://en.wikipedia.org/wiki/Mercedita_Airport,
65145,6384,TJSJ,large_airport,Luis Munoz Marin International Airport,18.4394,-66.001801,9.0,,PR,PR-U-A,San Juan,yes,TJSJ,SJU,TJSJ,SJU,https://aeropuertosju.com/,https://en.wikipedia.org/wiki/Luis_Mu%C3%B1oz_Mar%C3%ADn_International_Airport,Isla Verde
